0.jpg,٩٨٤٨٦٧٠٣٥٢٦٢٠٨
1.jpg,١٧٦٦٢٩٦٨٠٠٠٧٧٦
2.jpg,٩٢٠٧٥٤٣٦٢٠٣٥٤٥
3.jpg,٩٥٣٠١٥٨٥٦٦٣٩٣٤
4.jpg,٩٩٢٩٨٧٢٠١٦٧٩٢٢
5.jpg,٢٢٩٤٥٦٣٣٧٥٩٧٧٧
6.jpg,٦٨٩٠٦١٩٥٢٠٤٨٥٦
7.jpg,٨٨٢٠٤٠٣٨٧٦٠١٩٧
8.jpg,٩١٨٨٤٨٥٦٣٥٧١٠٨
9.jpg,٧٠٢٦٨٨٥٧٠٨٠٣٨٣
10.jpg,٠٠٩٠٩١٦٤٢٩٠٤٢٠
11.jpg,٤٦٤٧١٨٨٣٠٢٢٦٢١
12.jpg,٢٦٠٨٠٣٢٤٢٢٩٢١٥
13.jpg,٧٦٦٦٩٠٢٩٨٣٧٢٤٥
14.jpg,٢٩٠٥٢١٥٣٧٩٤٦٦٥
15.jpg,٨٤٢١٤٥٢٨٤٢١٦١٥
16.jpg,٥٧٣٧٩٩٤٤٣٥٥٤٠٨
17.jpg,٩٣٤٦٦٦١٦١٩١٢٩٥
18.jpg,٩٨٧٠٤٨٢٦٥٨٩٦٧٩
19.jpg,٤٨٦٦٤٦٣٥٧٣٥٤٩٩
20.jpg,٣٢٠٠١٤٣٦٢٧١٤٦٩
21.jpg,٤١٤٣٠٧٢٥٥٠٩٩٢٥
22.jpg,٠٣٨٣٢٩٠٥٧٤١٧٤٢
23.jpg,٤٣١٦٧٥٦٧٢٨٥٩٤٥
24.jpg,٥٤٢٥٢٠٩٨٦٩٣٧٢٣
25.jpg,٦٦٠٧٤٩٥٨٩٢١١٤٧
26.jpg,٩٧٤٩٠٦٤٩٨٦٤٨٩٤
27.jpg,٨٣٥١١٧٥٩٣٣٨٣٠٠
28.jpg,٨٢٠٤٨٧٠٩٦٩٦٣٦٠
29.jpg,٠٥٧٤٤٥٩٠٧٣٥٩٦٢
30.jpg,٨٠٤٢٢٨٥١١٠٤٠٨٦
31.jpg,٤٨٤٩٧٦١٦٧٢٣٣٦٨
32.jpg,١٨٠٠١٥٦٢٨٨٠٨٩٧
33.jpg,٨٧٩٤٩٤٥٩٩٠٩٤٧٧
34.jpg,٢٧٢٧٣٠٢٩٧١٥٢٨٦
35.jpg,٠١٥٣١٤٦١٩٧٤٦٤٣
36.jpg,٣٨١٤٢٧٥١٠٧٤٠٠٥
37.jpg,٥٥٦٢٣٣٩١٩٩١١٣١
38.jpg,٥٣٦٩٠٣٣٦٣٨٦٨٤٧
39.jpg,٩٢٥٠٣٤٩٢٣٨٩٢٠٦
40.jpg,٤٢٥٢١٤٦٧٣٠٢٢١١
41.jpg,٤٤٠١١٣٤٨٦٤٦٥٤٨
42.jpg,٨٤٥٩٥٠٣٥٨٦٠١٠٧
43.jpg,٤٣٩٠٦٥٥١٩١٠٨١٢
44.jpg,٢٢٤٥٤٢١٢٠١٦٧٩١
45.jpg,٣٢٦١٣٤٤٢٠٥١١٧١
46.jpg,٠٠٧٩٣٢٤٥٨٣٩٧٨١
47.jpg,٠٤٧٣٥٣٩٩٩١٠٢١٤
48.jpg,٢١٣٥٤٤٢٥٦٤٧٠٠٢
49.jpg,٦٢٣١٨٨٦٩٣٧١٣٥٧
50.jpg,١٨٨٩٩٧٤٢٤٧٦٦٣٧
51.jpg,٨١٧٧٩٨٤٢٣٣٠٣٢٤
52.jpg,٥٧١٥٥٩٦٦١١٢٢٩٢
53.jpg,١٧٨١٦٦٨٨٨٩٤٨٣٨
54.jpg,٤١٨٣٣٤٧٠٢٨٩٢١٩
55.jpg,٣٧٦٢٥٠٥٠٣٩٣٣٢١
56.jpg,٠٠٨٢٨٨٧١٣٢٩٥٧٤
57.jpg,٩٣١٧٣٣٢٧٦٢٨٢٥٨
58.jpg,٥٤٢٢٩٦٩٣٣٩٧٤٦٥
59.jpg,٥٦٨٤٩٣٠٥٤٢٩٦٧٩
60.jpg,١٩٤٦٧٠٦١٤٢٦١٣٧
61.jpg,٣٧٩٣٧٢٢٦٥٤٧٦٣٣
62.jpg,٨٠٨٢٨٥٦١٧٥٠١٣٨
63.jpg,٤٧٨٠٧٩٠٨٢٣٤٠١٥
64.jpg,٣٨٧١٩٦٩٧٥٠٨٤٤٢
65.jpg,٦٧٣١٨٨١٦٧٨٢٨٣٩
66.jpg,١٦٩٦٤٦١٨٣٩١٠٧٦
67.jpg,٤٨٩٣٧٧٣٩٧٨٩٨٢٦
68.jpg,٤٥١٤٩٢٩١٣٤٤٧٥٨
69.jpg,١٨٤٧٦٥٤٩٧٦٠٥٧١
70.jpg,٣٩٠٤٨٢٤١١٦٩٦٦١
71.jpg,٨٥٤٠٥٥٤٤٢٦٥٥٨٨
72.jpg,٤٥٢٠٠٨٤٤٥٩٠١٥٩
73.jpg,٩٩٨٨٩٣٢٤٣٥٣٢٤٦
74.jpg,٤٦٢٥٥٢٥٣٤٢٩٢٨٢
75.jpg,٦٥٠٧١٣٣٣٣٥٥٨٤٤
76.jpg,٥٦٢٩٠٢٩٥٩٨٨٢١١
77.jpg,٣٢٩٣٢٢٦٦٢١٧٦١٥
78.jpg,٣٩٦٣٠٤٤٠٣٤٦١٣٤
79.jpg,٣١٩٧٤٠٥٠٨٦٥١٤٤
80.jpg,٨١٩٣٥٠٦٨٥٠١٢٧٥
81.jpg,٠٣٥١٨٤١٩٦٠٧٤٤٠
82.jpg,٧٢٣٧١٨١٠٥٠٠٥٦٤
83.jpg,١٥٣٨٥٤٦٧٨٩٣٥٢٣
84.jpg,٥٠٥٣٠٢١٨٢٤١٧٩٠
85.jpg,٩٠٩٠٠٠٩١٤٠٨٤٤٣
86.jpg,٤٥٩٨٦٨٢٤٤٣٢١٢٦
87.jpg,٦٩٣٦٢٩٥٠١٥٠٨٨١
88.jpg,٩٣٩٥٩٠٥٤٨٧٦٠٨٧
89.jpg,٠٨٥٣٢٣٦٠٥٢٨٩٣٣
90.jpg,٢٧٥٩٩٠٦٠٤٢٢٠٩٢
91.jpg,٥٨٢٤١٨٨٤٤٤٩٧٨١
92.jpg,٨٥٨٦١٣٥٩١٠٩٨٠٥
93.jpg,٧٢٩٢٢١٢٠٩٧١٢٢٧
94.jpg,١٥٨٠٩٢٩٢٤٢٩١٦٧
95.jpg,٦٦٩٣٥٩٩٨٨٠٨٠٦٧
96.jpg,٨٦٢٧٣١٨٣٢٢٩٤٤٣
97.jpg,٨٢٨٤٥٥٥٢٠٣١٨٧٠
98.jpg,٣٨٢٧٢٥٠٥٤٤٦٢٠٣
99.jpg,٤١٤٢٧٦٧١١٣١٢٨٢
100.jpg,٥٥٩٠٧٣٥٠٣٠٢٨٠٧
101.jpg,٦٧٨١٥٤٥٣٢١٣٠٣٥
102.jpg,٣٥٦٩٥٩٨٥٠٩٩١٣٥
103.jpg,٩٦٧٥٦٢٢٠٩٩٥٠٦١
104.jpg,٧٢٢٩٢٣٣٤٠٩١١٠٠
105.jpg,٠١٣٤٩٨٦٦٦٩٣٥٤١
106.jpg,٩٨٠٦٥٩٤٩٩٥٨٣٨١
107.jpg,٦٤٤٨٧٢٦٤٦٤٩٢٩٠
108.jpg,٩٣٤٩٨٣٧٨٤٩٩٢٢٤
109.jpg,٣٧٤٤٧٠٥١٣٠٦٥٠٤
110.jpg,٤٥٥٧٧٢٣٤٩٤٢١١٤
111.jpg,٣٨٠٤٥٠٨٧٦٨٩٣٨٤
112.jpg,٣١٢٤٧٥٧٧٠٤١٥٦٦
113.jpg,٨٩٧٢٧٣٢١٧٠١٧٤٩
114.jpg,٠٥٤٨٢٨٨٩٨١٨٤٢٨
115.jpg,١٥١٤٨٠٩٧٥٧٩١٩٦
116.jpg,٧٠٦٢٠٨١٧٨٦٥٣٠٠
117.jpg,٨٦٣٩٣١٩١٣٧٧٣١٠
118.jpg,٦١٩٢٠٠٨٧٧٧٠٨٩١
119.jpg,٥٣٥٥٩٥١٨٠٨٨٨٧٩
120.jpg,٢٢٧١٤٨٥٩٦١٨٧٥٢
121.jpg,٥٦٠٨٥٧٠٧٤٤٤٢٦٢
122.jpg,١٠٦٦٨١٣١٠٧٢٧٤٢
123.jpg,٣٠٦٢٦١٤١١٤٣٢٦٣
124.jpg,٢٠٥٤٠٦٢٩٣٧٢٤٠٧
125.jpg,٥٢١٠٢٢٨٢٦٠٩٨٢١
126.jpg,٩٥٣٤٠١٤٤٢٢٥٦٠٩
127.jpg,٦٣٨٤٦١٠٠١٨١٧٩٢
128.jpg,٥٤٨٠٨٦١٩٥٤٠٢٤٨
129.jpg,٢٧٣٨٠١٢٢٠٥٩٤٤٨
130.jpg,٥٧٧٢٠٢٨٣٧٤٠٩٠٠
131.jpg,٣٩٨٧٦٠٢٥٥٠٠٨٠٤
132.jpg,٨٢٤٨٦٠٥٧٣٦٩٦٣٢
133.jpg,٩٢٣٤٢٢٢٢٦٢٤٨٤٢
134.jpg,٠٢٧٣٢٥٠٨١٢١٨٠٨
135.jpg,٧٦٣٤٦٠٥٣٢٥٧٧٧١
136.jpg,٣٠١٢٢٤٧٠٤٢١٠٢٤
137.jpg,٤٣٣٩٤٨٥٠٤٩٥٤٢٩
138.jpg,٩٢٣٤٨٥٦٦٥٤٣٩٥٢
139.jpg,٢٨٢٤٩٧١٠١٦١٥٧٦
140.jpg,٤٦٢٨٨٣٣٠٢٤٩١٤٥
141.jpg,٦٩٠٨٠٨٦١٠٠١٧٩٧
142.jpg,٣٤١١٢٠٣٩٩٢٨٩٤٤
143.jpg,٠٠٩٥٩٥٣٤٨٧٧٢٠٧
144.jpg,٩٨١٠١٩٣٩٣١٧٤٧٠
145.jpg,٤٦٤٨٠٩٤٦٨٤٩٤٣٣
146.jpg,٨٠٦٠٥٤٨٧٦٤٢١٥٢
147.jpg,٥٧٧٤٠٣٦١٠٨٨٦٩٠
148.jpg,٢٥٥٩٦٦٣٦٢٦٢٩٢٨
149.jpg,٤٥٧٤٤٥٧٩٥٧٥٦٣٥
150.jpg,٠١٥٧٤٤٤٠٤٤٨١٩٦
151.jpg,٥٠٨٦٢٨٠١٣٢٧٧١٩
152.jpg,٣٣١٣٢٨٩٢٦١٤٨٧٥
153.jpg,٨٧٢٥٥٥٩٠٣٧٧٥٨٣
154.jpg,٦١٠٠٠١٣٢٦٧١٠١٢
155.jpg,٧٣٥٤٩٤٩٣٠١٤٤٩٦
156.jpg,٨٢١١٧٤٠٤٦٧٢٩٢٩
157.jpg,٨٩٨٣٠٧٧٢٦٣٦٥٢٥
158.jpg,٥٢٦١٤٤٩٩٢٩٦٦٧٤
159.jpg,٦٢١٨٤٥٨٩١٦١٤١١
160.jpg,١٩٩٢٦٠٤٧٦٠٦٢٠١
161.jpg,١٥٩١٣٤٥٣٦٤٤٨٤٤
162.jpg,٧٠٢٠٣٦١٦٤٠٧٢٢٢
163.jpg,٥٧٢٣٨٢٦١٢٩١٤٢٨
164.jpg,٠٥٩٨١٥٠٤٧٣٣٤٤٦
165.jpg,٢٠٢٣٠٤٣١٥١٠٥٨٢
166.jpg,٦٦٨٥٧٢٩٤١٣٩٥٤٦
167.jpg,٥٥٦٥٣٩٧٥٣٧٣٠١٧
168.jpg,٧٢٢١٩١٩١٣٦٣٦١١
169.jpg,١٤٣٠٩٥٦٨٧٤٥٩٩٣
170.jpg,٧١٧٦٥٥٩٧١٠٠٢٥٣
171.jpg,٧٩٦٦٠٥٠٤٦٨٨٤٤٥
172.jpg,٦٢٤٤٩١٨٠٩٨٩٩٩٦
173.jpg,٢٤٧٢٥٢٩٤١١٢٠٩٦
174.jpg,٨١٣٨٩٨٦٢٢٨١١١٨
175.jpg,٣٧٩٥٥٢٦١٣٨٦٥٦٩
176.jpg,٧٨١٢٠٧٢٥٨٩٠٢٢٩
177.jpg,٩٧٥٨٦٠٤٦٥٤٣٩٤٠
178.jpg,٤٩٢٠٧٩٠٤٥٠٨٨٢٤
179.jpg,٢٨٣٠٩٦٢٢٧٧٣٣٦٠
180.jpg,٩٧٦٩٣٩٨٩٧٥٩١٨٨
181.jpg,٢٩٩٠١٨٨٨٢٤٢٦٧٠
182.jpg,٨٨٨٢٩٦٤٤٧٧٤٤٠٦
183.jpg,٩٦٢٠٥١٤١٩٧٨٦٢٨
184.jpg,٩٧٨٢٥٢٢٤٥٦٢٥٧٣
185.jpg,٧٦٦٦٠٤١٢٨٠٩٩٦٤
186.jpg,٦٩٣١٩٨٨٥٧٧٧٦٨٦
187.jpg,٦٣٥٩٥٤١٥٥٦١٢٥١
188.jpg,٠٩٧١٠٧٩٠١٥٧٩٩٦
189.jpg,٣٦٩٥١٥٩٨١١٤٤١٣
190.jpg,١٢٨٣٥٢٦٩٩١٠٢٠٥
191.jpg,٥٢١٠٦٩٢١٧٦٠٩٦٠
192.jpg,١٥٨٠٢٧٢١٢٥٣٥٨٦
193.jpg,٤٢٧٤١٣٣٧١٠٤٥٣٧
194.jpg,٢٢٦٢٧١٣٥٠٣٠١٩٠
195.jpg,١٠٠٣٤٧٢٠١٩٣٠٠٦
196.jpg,٢٠١٥٥٩٢٥٨٠٥٧٦٢
197.jpg,٥٣٣٠٥٩٣٢٥٩٠٤٣٩
198.jpg,٨٠٧٤٩٩٠٥٧٢٢٦٣٦
199.jpg,٠٠٦٩٥٩٦٣٧٢٤٠٨٢
200.jpg,٢٠٠٢٨٥١٣٧١٦٨٣٣
201.jpg,٣٤٤١٩٦٧٤٤٩٠٠٣٣
202.jpg,٤٥٠٣٨٦٤٨٠٦٩٦٦٧
203.jpg,٨٥٢٤٢٢٩٤٤٧٧٧٥٩
204.jpg,٨٣٩٧٢١١٩٤٣٦٧٥٦
205.jpg,٥١٠٤٩٥٥٣١٦٩٩٠٩
206.jpg,١٥٢٣٠٦٥٥٨٦٢٣٠٧
207.jpg,١٨٢٢٦٧٩٧٤٣٨٦٥٧
208.jpg,٤٥٠٨٨٧٥٨١١١٥٣٧
209.jpg,٥٤٩٢٨٦٤١٨٧٠٦٠٣
210.jpg,٥١٤٨٩٨١٧٤٠٤٩٤٧
211.jpg,٠٢٠٠٥٤٨٢١٠٥٣٩٠
212.jpg,٥٨٨٢٢٠٣٦٠٨٣٠٥١
213.jpg,٧٠٣٦٦٩١٤٤٠٠٧١٣
214.jpg,١٤٩٠٨١٩٨٧٦٥٥٩٧
215.jpg,٨٥٢٠٥٥١٦٥٨٧٩٣١
216.jpg,٦٢٦١٨٥٦٨٨٢٤٣٨٧
217.jpg,٥٣٠٩٣٠١٥٧٣٤٧٠٦
218.jpg,٤٠٦٧٧٠٥٤٣٦٠٢٨٣
219.jpg,١٦٤١٠٢٣٢٤٣٠٩٩٩
220.jpg,٤١٦١٧٠٧٤٠٠٦٧٩٦
221.jpg,٩٣٤٢٩١٨٠٣٢٧٩٨٧
222.jpg,٢٩٢٤١٦٨٧٣٦١٢٥٤
223.jpg,٢٣٠٥٣٧٠٤٤٧٥٩٠٦
224.jpg,١٠٧٩٦٢٦٢٨٩٧٣١٧
225.jpg,٥٩٠٥٧٨٤٩٧١٤١٣٥
226.jpg,٢٥٠٤٥٣١٨٢٢٨٥٣٦
227.jpg,٣٨١٢٢٣٥٥١٦٥٨١١
228.jpg,٠٤٣٥٨٤٢١٢٠١٧٥٤
229.jpg,٦٤٥٣١٩٨٩١٩٤٣٢٦
230.jpg,١٨٤٢٣٨٣٦٤١٢٣١٩
231.jpg,٩٨٧٠٨٣٦٠٦٨٧٩٩٧
232.jpg,٤٨٢٤٦١٨٣١٦١٠٣٦
233.jpg,٩٦٢٧٦٣٧٩٢٩٧١٦١
234.jpg,٢٤٠٦٨٥٢٤٢٢٣٢٥٤
235.jpg,٩٤٢٦٧٧٤٧١٠٠٦٦١
236.jpg,٤٠٣٠٨٩٩٢٤٥٨٦١٨
237.jpg,٦٧٤٦٠٩١٤١٥٥٣٩٩
238.jpg,٦٩٧١٣٨٤٤١٣٥٦٧٠
239.jpg,٢٨٢٨٤٨٨٦٠٨٩١٦٠
240.jpg,٥٨١٩١٢٨٣٦٧٧٧٩٨
241.jpg,٩٩٦٢٣٤٦٣٢٧١٠١٠
242.jpg,٣٣٩٣٢٦٧٠٣٢١٦١٦
243.jpg,٧٦٩٢٤٨١٨٨٤٩٢٤١
244.jpg,٤٨٨١٨١٠١٧٠٢٠٢٥
245.jpg,٤٦٩٣٢٦٤٩٨٦٢٤٣٧
246.jpg,٧٦١٣١٤٠١٥٧٠٢٤٠
247.jpg,٤٠٧١٢٥٩٩٥١٤٧١٥
248.jpg,١١٧٧١٢٣٦٦٠٦٠٢٢
249.jpg,٣٧٣٣٠٩٩٣١٣٨٣٥٢
250.jpg,١١٣٨٨٩٣٢٩٥٢٨٦٥
251.jpg,٦١٥٦٨٧١٢٩٩٨٠٤٣
252.jpg,٨٤١٨٥١٥٩٠٨٣٦٥٢
253.jpg,٢٦٥٥٩٧٤٤٦٦٢٢٥٣
254.jpg,٧٨٣٧٦٥٩٢١٥٠٣٨٢
255.jpg,٥٦٩٢٤٢٩٣٠٨٩٣٠٧
256.jpg,٢٧١٨٥٢٣٦٢٨٠٦٩٠
257.jpg,٩٣٧٦٠٨٩٦٩٧٥٥١٥
258.jpg,١٣٥٠٨١٧٠٧٣١١٦٨
259.jpg,٦٩٨٤٢٣٥٨٧٧٧٥٢٨
260.jpg,٨٢٦٧٧٦٢٥٧٥٠٨٠٥
261.jpg,٠٦٥٧٤٢١٤٥٥٢٠٥٧
262.jpg,٢١٩١١٤١٣٤٢٧٧٥٠
263.jpg,١٠١٥٠٤٦٤٧٦١٢٤٧
264.jpg,٣٧٥٦٧٢٠٧٥٥٩٦٥٠
265.jpg,٢٩٧٦١٣٠٢٣٨٢٨٣٥
266.jpg,٦٣٨٣٤٧٥٤٢٨٦٤٠٥
267.jpg,٢٤٣٩٠٧٦٦٠١٩٦٢٥
268.jpg,٤٣٨٨٨٥٨٩٧٣١٥٤٣
269.jpg,٦١٤٦٣٣٦٢٨٩٢٠٣٨
270.jpg,٦٥٥٠١٤٦٧٩٣٨٧٥٠
271.jpg,١٢٩٣٧٢٦٨٤٤٩٩٥٥
272.jpg,٢١٠٧٧١٤١٨٧٧٦٦٥
273.jpg,٣٩٢٨٢٣٥٩٥٩١١٥١
274.jpg,٢٤٤٦٦٠٨١٨٨٥٣١٧
275.jpg,٢٦٦٦٣٥٢٣٨٨٦٩٣٧
276.jpg,٦٥٨٨٩٥٤٧٦٥٦٦٠١
277.jpg,٨٤٨٣٣٠٨٥٢٣٢٥٠٥
278.jpg,٦٣١٦٨٦٦٨١٤٦٦٤٨
279.jpg,٠٤٠٣١٣٩٥٥٨٣٧٠٥
280.jpg,٨٦٥٢٧٥٥٣٤٠٤٢٢٦
281.jpg,١١٤٣٠٦١٥٨٩١٩٥٤
282.jpg,٧٩٧٧٦٥١٩٧٦٦٠٨٣
283.jpg,٣٩٥٠٣٣٨٧٣١١٠٤٨
284.jpg,٣٦٣٦٩٢٧٧٥٣١٤٤٦
285.jpg,٤٦٩٨٤٢٦٩٢٠٧٩٨٦
286.jpg,٨٢٠٦١٥٣٣٦١٩٧٢٠
287.jpg,٥٢٠٨٣١٢٢١٤٣٣٥٥
288.jpg,٩٥٢٤٤١٩٤٩٨٠٦٠٥
289.jpg,١٩٧٣٠٢٠٧٤٦٥١٧٤
290.jpg,٠٢٨٤٩٨٢٠٧٢٥٦٨٥
291.jpg,١٢٤١٠٤٤٨٢٦٦٢١٧
292.jpg,٦١٣٠٤٧٢٩٥٧٠٣٠٩
293.jpg,٠٠٧٣٨٠٥٣٥٧٩٧٧٨
294.jpg,١٨٥٥٣٥١٦٧٢١٠٠٢
295.jpg,١٨١١١٠١٣٥٠٠٢٤٥
296.jpg,١٣٢٧٤٨٢٤٠٨٨٥٠٤
297.jpg,١٤٥٢٢٢١٠٢١٣٥٤٩
298.jpg,٠٧٨٨٤٠٣٩٨٩٦٧٨٠
299.jpg,٦٣٩٠٦٨٣٩٦٤٠٢٧٦
300.jpg,٣٠٢٩٤٦٧١٢٣٠٩٧٧
301.jpg,٨٣٩٧٢٧٠٣٣٧٥٨٥٧
302.jpg,٩١٥٩٦٨٧١٠٧٠٥٢٤
303.jpg,٠١٥١٦٥٣٨١٩٠٦٨٦
304.jpg,٩١٧٨٢٤٠٠١٨٧٤٣٦
305.jpg,٦٥٩٦٠٠٧٩٩٨٦٥٣٦
306.jpg,٣٧١١٣٦٠٣٣٠١١٨٨
307.jpg,٥٥٥٠٧٥٥٧٥٥٢٩٩١
308.jpg,٨١٢١٥٩٧٤٥٥٤٢٣٣
309.jpg,٠٠٢٦٩٩٧٤٢١٨٨٩٠
310.jpg,٣٧٨٠٤٦٥٨٠٤٣٢٥٢
311.jpg,٩٢١٩٣٨١٥٣٣٤٠٢١
312.jpg,٤٨٠٣٣١٠٨٦٩٧٣٥٤
313.jpg,٩٩٨٠٩٥٢٢٣٢٠٥٢٤
314.jpg,٢٧٠٥٤٥٦٢٠٦٤٣٣٦
315.jpg,٧٢٧٣٠٢٣٩٩٥١٩٨٤
316.jpg,١٠٤٣٦٠٨٢٤٣٠٣١٨
317.jpg,٢٩٠٣٣١٢٩١١٣١٨١
318.jpg,٣٠٦٣٤٠٤٩٨٩٠٨٨٧
319.jpg,٤٠٢٥٧٨٢٠٢٥٦٠٣٠
320.jpg,٦٧٨٣١٣٠١٠٦٩٢٣٦
321.jpg,٥٧٤٤٧٣٩٨٠٤٧٨٨٩
322.jpg,٣٤٥٨٢٢٠٦٤١٩٨٦٣
323.jpg,٣٣١٥٦١٨١٦١٩٤٢٨
324.jpg,٤٢٨٠١٨٠١٩١٠١١٠
325.jpg,٨٧٢١٨١٥٨٣٢٦٠٧٨
326.jpg,٩١٩٦٢٨٠٧١٩٢٥١٢
327.jpg,١٨٧٥٠٠٠٢٤٤٨٤١٧
328.jpg,٠٣٤٢٦٣٧٨٨٧٨٤٩٦
329.jpg,٣٢٣٦٢٢١٦٨١٦٦٥٢
330.jpg,٩٢٧١٠٢١١١٦٨٧٠٦
331.jpg,٢٥٧٢٨٨٤٩٥٧١٥٤٥
332.jpg,٣٨٠٤٤٩٠٠٣٣٧٤١٣
333.jpg,٣١٥٥٤١٧٣٥٤٨١٤٠
334.jpg,٨٩١٤٦٢٧٤٩٨٣٣٩١
335.jpg,٧١٧٦١٥٧٩١٩٨٥٤٠
336.jpg,٤٤١٥٨٨١٧٢٢٦٦٢٩
337.jpg,٧٩٩٢٦٢١٥١٨٠٥٢١
338.jpg,٦٩٧١٥٤٢٧٥٧٧٣٢٠
339.jpg,٨٠٦٤٠٥٥٤٠٩٦٥٠١
340.jpg,٤٨٠٢٦٣٣٩٩٩٨٥٢٧
341.jpg,١٤٦١٣٩٤٤٩٥٢٢٦٧
342.jpg,٠٦٩٣٣٥٥٧٩٨٠٩٢١
343.jpg,٤٣١٤٢٤٢٧٥٨٠٧٧٢
344.jpg,٨٩٦٦٩١٤٠٣٩٢٩٥٣
345.jpg,٩٧٤٢٨٣٥١٨٠٧٢٤٤
346.jpg,٧٨٩٠٦٧٥١٣٩٦٠٤٣
347.jpg,٧٤٤٩٧٩١٨٣٩٠١٣٣
348.jpg,٠٧٨٤٧٦١٥٦٢٠٦٤١
349.jpg,٤٤٠٨١١٥٤١٤٦٩٧٤
350.jpg,٧٦١٥٢٢٣٨٤٢١٧٦٤
351.jpg,٥٠٥٤٤٨٧٩١٨٢٨٥٧
352.jpg,٣٤٣٦٠٧٧٨٧٩٩٧٦١
353.jpg,٢٣٧١٥٨٣٩٧١٩٢٤١
354.jpg,٥١١٩٩١٩١٣٥٣٣٩٤
355.jpg,٧٥٦٠٩٩٩٧١٧٠٦٦٤
356.jpg,٣٨٤٩٨٠٢٤٠٢٧٤٦٧
357.jpg,٦٩٧٣٦٢٢١٠٤٧٢٣٥
358.jpg,٤٢٧٥٢٢٣٣١٠٨١٢٧
359.jpg,٦٢٩٥٥٨٩٧٦٧٠٠٢٦
360.jpg,٦٢٧٥٤٤٩٦٧٠٣٦٤٣
361.jpg,٦٧٥٤٦١٠٢١٩٥٠٨٦
362.jpg,٣١٠٢٣٨٦٦٤٦٥٩٠٩
363.jpg,٣١٠٣٠٧٤٨٣٦٠٩٥٨
364.jpg,٠٥٨٠٣٧٢٩٤٤٧٢٧٨
365.jpg,٩١٣١٤٤٠٥٧١٠٦٦٢
366.jpg,١٥١٠٢٧٤٩٣٣٦٩٢٩
367.jpg,٩١٠٥٨٧١٠٥٥٨٠٣٦
368.jpg,٥٧٠٣٥٣٥٨٠٢٧٦٥٢
369.jpg,٩٠٤٨٤٦٦٨٤٥٨٢١٠
370.jpg,٦٥٥٣٠٠٨٢٣٥٩٠٧٤
371.jpg,١٦٦٠٧٦٥٢٣٤٢٢٤٩
372.jpg,١٤١١٣٧١٢٩٣١٣٧٠
373.jpg,٧٧١٠١٢٠٨٨٢٨٨٢٧
374.jpg,٠٢٦٥٣٢٧٧٧٣٩٧٨٥
375.jpg,٠٢٣٣١٩٩٢٨٠٥٨٤٧
376.jpg,٨٢١٦٨٥٨٢٥٧٢٧٥٩
377.jpg,٩٣٩٠٧١١١٤٢٢١٢٧
378.jpg,٠٨٥٣١٥٢٢٨٩٢٢٤٠
379.jpg,١٨١١٨٠٠٧٩٣١٧٥٣
380.jpg,٤١٤٦٤٣٠٦١٩٧٩٩٨
381.jpg,٣٩١٣٠٨٩٩٤١٠٥٦٢
382.jpg,١٧٩٤٠١٦٣١٤٢٠٨٥
383.jpg,١٤١٢٠٩٨٦٨٨٥٣٠٠
384.jpg,٧٦٦٩٧٨٠٢٢٨٢٥٥٢
385.jpg,٦٨٨١٢٤٣٠٩١٥٣٢٨
386.jpg,٨٣٨٢٩٨٨١٤١٦٦١٩
387.jpg,٨٩٦٢٢٣٩٠٦١٦٧٧٣
388.jpg,٧٩١٧٦٣٧٤٢٩٠٢٨٠
389.jpg,١٦٤٠٥٨٣٣٧٤٧٢٦٣
390.jpg,٢٧١٠٧١٦٤٧٨٧٧٤٦
391.jpg,٣٦٠٣٠٥٥٤١٧٩٧٩٤
392.jpg,٣٣٢٧٠٦٦٥٠١٨٤٣٧
393.jpg,٨٨٤٧٥٦٤٨٣٦٤٣٩٣
394.jpg,٨٧٢٠٧٤٣٦٢٨٣٢٦٩
395.jpg,٧٩٥١٩٠٥٨٤٢٩٤٢٠
396.jpg,٢٨٥٤٨٩٤٦٨٧٨١٨٢
397.jpg,٤٢٥٢٥٦٣٨٥٣٠٦٤٨
398.jpg,٠٨٤٧٧٧٧١٤٨٨٨٧٣
399.jpg,٥٥٥٦٨٤٠٦٧٩٦٨٩٠
400.jpg,٠٧٩٥٢٨٣١٥٠٥٩٤٧
401.jpg,٧٦١٠٧٤٩٠١٠١٧٣٨
402.jpg,٦٣٥١٧١٢٤٦٦٧٢٣٣
403.jpg,٢٣٢٦٦٧٢٣٩٥٤٦٤٨
404.jpg,٥٧١١٦٨٣٧١٢٧٧٨٨
405.jpg,١١٦٥٠٠٢٢٧٥٨٤٤٩
406.jpg,٦٥٣٥٢٩٩٥٤٩٢٦٥١
407.jpg,٣١٩٠٤٩٠٦٧٠٢٩٠٤
408.jpg,١٣٣٦٨٦٦٧٥٤٠٢٢٨
409.jpg,٨٣٩٣٨٨١٤٣١٩٧٧٣
410.jpg,٨١٤١٥٨١٠١٥٨٢٠٤
411.jpg,٠٧٩٠٤١٤٧٢٩٣٨١٣
412.jpg,٩٤٩٧٠٥٥١٠٧٠٨١٠
413.jpg,٨٢٢٥٣٢٧٨٩٠٨١٦٦
414.jpg,٨٦٣٤٠٣٥٥٧٣٥٧٧٩
415.jpg,٠٥٥٨٨٩٩٢١٣١٦٣٢
416.jpg,٥٦٢٤١٣٥٥٦٦٤٠٤٣
417.jpg,٧٩٨٨٣٩٨٦٦٣٢٩٩٠
418.jpg,٢٦٠٦٠٩٣١٨٦٤٠١١
419.jpg,٥٩٦٧٨٣٠٦١٠٩١٣١
420.jpg,٩٧٥٢٥٤٣٨٧١١٤٢٧
421.jpg,٠١١٩٤١٣٨٢٥٦٧٢٣
422.jpg,٤٢١٩٧١٢١٧٤٩٦٢٧
423.jpg,٤٩٢٥٦٦٧٠٤٢٠٣٩٨
424.jpg,٤٣٣٩٩٢٥٣٠٢٨٣٧٠
425.jpg,٨٧٨٠٩٥٤٨٨٤٣١٨٩
426.jpg,٨٤٤٩٢٥١١١٤١٩٥٦
427.jpg,٩٠٢٤٤٦٠١٩٧١٩٩٤
428.jpg,٥٤٢٣٩٧٨٥١٤٥٨٦٣
429.jpg,٧٠٠١٩٤٥٤٧٣٠٨٦٨
430.jpg,٠٥٩٥٤٠٣٣٠٦٧٣٥٤
431.jpg,٤٧٨٥٧٥٢٢٨٧١٦٧٧
432.jpg,١٠٢٨٠٨١٧٦٢١٦٥٧
433.jpg,٩٨٧٩٥١٣٧٧٠٤١٧٥
434.jpg,٦٩٨٣١٥١٨٠٩٦٢٢٦
435.jpg,٣١٧٥٦٠١٥٦٤٣٥٣٢
436.jpg,٥٠٠٦٧٠٢٦٥٢٧١٩٢
437.jpg,٧٣٠١٩٣٣٩٩٨٤٨٧٦
438.jpg,٣٠٣٦١٩٥٧٩١٢٦٢٤
439.jpg,٤٩١٣٤٥١٤٨٧٩١٨١
440.jpg,١٨٥٣٩٨٩١٧٢١٢٢٦
441.jpg,٧٦٤٩٢٩٧٦٤٣٩٧٤٨
442.jpg,٥٩٤٠٧٩٠٧٢٠٤٨٥٦
443.jpg,١٩٦٣٣٢٧٣٢٢٥٢٨٠
444.jpg,٣١٣٢١٧٦٦٣٠٦٩٢٣
445.jpg,٠٩٤٠٣٨٠٣٨٦١٣٥٥
446.jpg,٠٥٢٧٠٤٦١٠٧٨٣٤٩
447.jpg,٩٦٧٤١٠٢٨١٢٥٣٢٦
448.jpg,٤٨٠١٠٧٢٥٥٣٢٩٥٣
449.jpg,٦٠٧٠٤٧٠٨٣٦٠٨٧٥
450.jpg,٣٣٥٨٧٤١٥٣٢٩٩٩٧
451.jpg,٥٨٧٨٨١٣٦١٨٥٧١٤
452.jpg,٥٦٨٤٠٨٢١٥٣٥٣٠٣
453.jpg,٤٢٦٤٦٨٣٦٩٠٤٣٥٣
454.jpg,٨٢٣٢٢١٦٦٨٨٠٠٩٢
455.jpg,٠٨٩٧١٨٥٥٣١١٥٧١
456.jpg,٩٤٧٣٨٣٠٤٦٣٥١٥٠
457.jpg,٩٩٠٨٦٨٠٠٧٨٣٤١٦
458.jpg,٢٥١١٤١٤٠٠٢٨٧٤٣
459.jpg,٨٧٧٩٤٥٤٠٥٦٧٧٩٢
460.jpg,٢٩٥١٧٦١١١٢٨٧٤٥
461.jpg,٤٢٤٥٧٣٤٢٩٦٤٨١١
462.jpg,٦٠٤٦٢٥٢٢٣٩٠٤٧٣
463.jpg,٧٣١٨٦٤٩٢٩٣٩٦٨٤
464.jpg,١١٤٦٢٦٥٧٦٧٨٣٤٣
465.jpg,٧٠٨٢٩٩٧١٢٢٩٤٦٦
466.jpg,٥٤٥٦٦٣٥٠٤١٣٩٧٦
467.jpg,٧٢٢٢٣٠٢٧٨٢٧٩٨٩
468.jpg,٩٧٤٠٩٢٩٧٠٣٨٨٠٠
469.jpg,٠٦٧٦٧٤١٨٣٨٩٦٢٢
470.jpg,٦٣٦١٢٧٦٤١٩٤٩١٨
471.jpg,٧٧٢٣٣٩١٠٦٦٢٨٧٣
472.jpg,٥٣٣٢٧٦٠٤٥٧٩٠٩١
473.jpg,٢٥٩٢١٥٣٦٧٢٣٩٨٩
474.jpg,٩٨٠٥٤٤٥١٠٩٦٩٣٢
475.jpg,٠٩٠٨٥٨٠٧٩٠٢٢٩٣
476.jpg,٧٦٤٩٤٠١٠٣٦٣٨٠٣
477.jpg,٨١٩٦٤٢٦٦٥٧٢٠٦٧
478.jpg,٨٣٧٧٥٥٤١٧٦٧٥٠٢
479.jpg,٩٥٣٩٣٤١١٠٩٦٣٨٧
480.jpg,٣٥١٠٧٦٦٦٣٢٤٠٣١
481.jpg,١٣٤٧٨٢٩١٤٩١٥٥٦
482.jpg,٢٦٤٤٢١٦٩٢٨٤٣٩١
483.jpg,٢٨٩٠٨٥٦٧٤٤٤٠٨٣
484.jpg,٩٦٨٤٩٧٤٧٥٨٠١٠٨
485.jpg,٩٧٣٦٧٤٢٠٤٩٤٤٩٠
486.jpg,٤١٣٩٤٥٦٩٣٨٨٩١٤
487.jpg,٧٨٩١٨٩٠٦٠٦٤١٦٣
488.jpg,١٩٨٥٣١٦٨٦٠٠٣٩٦
489.jpg,٣٦٣٠٠٣٩١٨٢٩٠٦٠
490.jpg,٢٠٤٦٦٢٠١٤٢٧٥٣٨
491.jpg,٣٧٣٢١٢٨٨٠٨٨٨٠٩
492.jpg,٢٣٣٤٨٧١٩٤٥٤٧٧٧
493.jpg,٩٠٨٢٧٧٠٣٢٨٧٨٨٥
494.jpg,٢٢٦٦٩٧٥٧٥٠٤٢٥٠
495.jpg,١٩٢٦٢٤٨٤٦٩١٢٤٥
496.jpg,٦٧٨٦٠٨٥٩٠٨١٨٣٩
497.jpg,٨٠٦٠٣٤٤٩٥٢١٩١٥
498.jpg,٤٥٨٠٢٤٣٠٨٨٩٦١٥
499.jpg,٢٠٦٤٨١٢٩٤٧٧١٣٢
500.jpg,٨٢٦٦٩٧٤٩٧٦٢٣٩٠
501.jpg,٩٣١٠٠٣٦٣٤١٨٨٢٨
502.jpg,٧٤٥٥٦٤٣٧٤٨٣٧٢٤
503.jpg,٤٧١٩٦٧٤١٧٢٥٨٥١
504.jpg,٥٢٦٦٧٠٠٩١٣٨٦٧٢
505.jpg,١٦٥٥٤٥٤١٧٠٧٨٨٤
506.jpg,٠٧٨٤٩٣٥٧٣٤٠٦٦٨
507.jpg,٥٩٣٥٣٦١٥٤٨٨٤٤٠
508.jpg,٣٣٢٦٢٧٩١٨٧٧٨٢٤
509.jpg,٥٤٨٤٠٣٧٤٥١٣٦٣٤
510.jpg,٠١٨٦٨٥٨٨٧٢٣٠٠٩
511.jpg,٠٣٣٣٥٤٤٥٥٤٠٢١٩
512.jpg,٣٦٧٣٦١٦٣٣٣٣٣٤٢
513.jpg,٣٥٥٣٨٧٤٨١٥٣٩٠٧
514.jpg,٢٨١٢٥٦٠٧٦٦٤٥٣٩
515.jpg,٩٢٩٢٧٤٠١٤٨٦٦٧٧
516.jpg,٤٢٨١١٠٨٨٣١٨٠٨٩
517.jpg,٤٣٢٢٩٥٩١٨٣٧٥٧٩
518.jpg,٧٧٦٣٢٨٦٤٣٦٧٢٦٠
519.jpg,٧٧٩٣١٧٤٣٥٥٨٣٢٩
520.jpg,٧٩٠٨٥٨٨٣٢٦٨٩٨٠
521.jpg,٧٢٣١٨٥٠٥٩٢٨٩٦٥
522.jpg,٤٣٥٣٠٦٤٥٢٢٢٤٤٢
523.jpg,١١٦٨٣٤٤٢١٩٠٥٤٠
524.jpg,١٦١٦٨٠٤٤٧٠٣٩٨٦
525.jpg,٧٩٣٣٧٦٧٩٧٤٠٤٣١
526.jpg,٠٧٢٩٢٦٦٢٠٠٩٠٤٨
527.jpg,١٦٤٦٩٧٨٩١٣٦٧٧٢
528.jpg,٥٩٣٩٩٧٧٩٣٨٧١٧٧
529.jpg,٥٩٠٧١٠٣٣٣٤٣١١٥
530.jpg,٤٩١٠٨٧٥٣٥٧٨١٤٩
531.jpg,٣٢٦٢٩٦٩٨٦٨٠٠٣٦
532.jpg,٦٢٢٣٢٦٦٤٧٦١٨٥٣
533.jpg,٧٨٨٢٧١١٨٢٠٢٧١٨
534.jpg,٤٨٢٦٣٢٢٨٧١٢٧٩٤
535.jpg,٢١٤٢١٧٠٤٤٩٤٦٨٦
536.jpg,٧٢١٨٤٦٥٩٢٧٣٠٨٢
537.jpg,١٨٤٢٠٣٣٨٢٦٧٥٨٦
538.jpg,٤٤١٢٦٦٨٩٩٣١٤٠٣
539.jpg,٥٢٠٤١٧٠٦٩٥٣١١٩
540.jpg,٣٦٥٤٢٨٦٦٩٥٨٨٥٥
541.jpg,٨٩٣٩٥٨٠٧٦٦٢٦٧٥
542.jpg,٤٣٩٦٩٢٥٦٧٩٧٣٩٦
543.jpg,٠٩٦٠٨٢٢٨٥٩٦٤٠٦
544.jpg,٤٥٣٣٦٢١٧٩٨٦٥٨٠
545.jpg,١٢٤٧٤٤٥٤٨٩٥٩٦٨
546.jpg,٧٥٦٣٨٩٨٦٩٥٠٣١٥
547.jpg,٠٠٤٦٥٢٨٠٩٣٢٩٥٤
548.jpg,٩٣٦٦٩٤٥٨٣١٨٢٢٨
549.jpg,٥٧٨٠٥٤٦١٦٤٨٩٨٤
550.jpg,٤٢٤١١٣١٥٦٣٢٥٩١
551.jpg,٦٨٦٢٢٢٦٦٢٣٠٠٢٠
552.jpg,٥١١١٥٢٣٢٢٤٣٧١٨
553.jpg,٨٤٥٤٤٥٢٥٠٩٣٩٨٤
554.jpg,٥٨٣٢٩٠١١٨٢٧٣٣١
555.jpg,٢٢٦٧١٣٧٤٥٥٢٤٧٨
556.jpg,٩٢٢٢٦١١٥٠٧٠٨٤٢
557.jpg,٩٦٩٦٥٨٨٠٧٠٣١١١
558.jpg,٤٠٨١٨٠٢٧٢٨٠٢٥٠
559.jpg,٩١٥٩٢٩٨٦٢٦٢٢٨٦
560.jpg,٩١٤٥٦٦٧٧٩٧٨٤٧٦
561.jpg,٢٣٦٨٥٠٥٢٢٠٨٦٨٨
562.jpg,٩٧٧٥٣٣٨٩٩٧٧٤٤٠
563.jpg,٨٥٧٠٦٨١٤٧٠١٩٢٨
564.jpg,١٧٨٣٦٣٤٧١١٠٦٧٥
565.jpg,٩٣٠٨٨١٢٨١٩٤٠٠٥
566.jpg,٢٣٧٤٨٥٤٦٥٤٤٦٨٤
567.jpg,٧٧٧٠١٠٢٠٣١٨٩٦٦
568.jpg,٣٧٦٧٠٣٠٣٤٣٨٤٤٩
569.jpg,٨٤٠٩١٧٧٧٣٠٦٨٢٦
570.jpg,٦٨٦١٤٤٢٨٢٥٧٦٣٧
571.jpg,١٧١٨٥١٢٦٢٨٤٧٨٢
572.jpg,٩١٠٤٩٣٩١٧٥٥٦٤٠
573.jpg,١١٠٦٩٥٧٧٤٠٩٨٩٠
574.jpg,٣٥٩٥٦١٥٥٠٧٣٣٧٩
575.jpg,١١٨١٠٦٣٠١٤٥٣٢١
576.jpg,٨٧٢٦٠٦٨٠١٣٦٦٩٥
577.jpg,٩٥٥٥٨٦٢٤٥٤٢٦٤٦
578.jpg,٩١٠٨٠٥٤١٣٣٢٢٣٤
579.jpg,٨٦٠١٠٠٨٢١٥٣٤٧٠
580.jpg,٥٥٤٧٨٢٩٢٣٩٦٥٨٧
581.jpg,١٤٦٨٦٣١١٦٦٩٤٣٢
582.jpg,١٤٢٧١٩٤١٤٩٦٨٣٢
583.jpg,٢٢٠٩١٤٦٧٧٣٢٦٦٧
584.jpg,٤٢٠٥٧٨٠٤٨٧١٠٨٣
585.jpg,٨٩٢٣٣٣٨٢٥١٦٣٢٥
586.jpg,٨١٣٠٥٧١٧٨٨١٩٣٨
587.jpg,٨٦١٣٧٨٢٤٢١١٨٢٧
588.jpg,١٨٠٣٥٠٥٨٨٦٦٢٧٣
589.jpg,٠٦٠٤٢٩٢٥٣١٣٠٥٧
590.jpg,١٢٦٩٨٦٢٩٤٦٢٠٣٠
591.jpg,١٠١٩٧٢١٣٧٧٨٧٥٦
592.jpg,٣٣٦٣٨٩٠٠٤٥٥٦٢٥
593.jpg,٣٨٧٩٥٣٤٢٥١٩٣٢٨
594.jpg,٤٩٢٤٩٣٠٧٩١٤٥٢٦
595.jpg,٥٦٥٦٦٩٣٤٧٧٨٠٣٠
596.jpg,٢٩٤٦٩١٢١٥٣٣٣٤٢
597.jpg,٦٢٥٨٩٦٠٤٠٧٤٣٠١
598.jpg,٠١٣٠٣٣١٧٤٨٥٠٣٢
599.jpg,٦٤٢٧٥٠١٤٢٧٦٧٣٧
600.jpg,٨٣٦٢١٠٢٧٣٣٨٥٤٤
601.jpg,٥٠٩٢٦١٩٩١٢٧٥٧٢
602.jpg,٢٣٠٤٥٦٧٩٠٧٥٥٦٥
603.jpg,٦٧٥٦٣٥٥٥٢٤٤٨٠٤
604.jpg,١٠٦٢٤١٧٣١٩٠١١٢
605.jpg,٥٨٧٠٨٨٠٦٤٠٠٠١٤
606.jpg,٤٠٢٢٥٠٥٧٦٢٥٩١٥
607.jpg,٥٣٠٠٦٥٣٤٤٠٥٨٤٤
608.jpg,٧٨١١٩٩١٢٩٠٠٠٤٢
609.jpg,٥٥٤٥٧١٦٣٩٩٩٥٤٧
610.jpg,٠٦٤٥٣٦٦٦٣٦٩٨٧٨
611.jpg,١٣٦٦٥٥٣١٩٧٠٨٨٣
612.jpg,٢٨٥٣٦٣٢٩٧٢٨١٠٢
613.jpg,٢٦١٨٤٦٩٤٧٢٤٣٢٥
614.jpg,١٤٤٠٧٥٩٤٨٧٣٠٨٠
615.jpg,٠٥٥٦٥٣٧٥٠٩٨٣٧٥
616.jpg,٤١٦٠٦٣٦٧٣٠٣٧٦٢
617.jpg,٢٥٧٢٦٤٣١٧٠١٧٥٠
618.jpg,٢٥١٧٨٢٠٤٥٧٥٧٦٤
619.jpg,٦١٦١٢٦١٨١٩٠٣٤٩
620.jpg,٠٥٥٢١٩٩٩٨٤٣٣٧٤
621.jpg,٧٩٤٣٣٢٧٨٢٩٤٥٨٦
622.jpg,٠٢٣٦٩٣٦٧٦١٥٢٨٥
623.jpg,٩١٩٥٩٩٢٧٧٦٩٣٣٥
624.jpg,١٩٣٩٠٣٧٧١٥١٧٤٢
625.jpg,١٣١٢١٢٥٤٥٤٤٤٣٧
626.jpg,٣٨٧٤٨٠٩٠٨٨٤٠٤٠
627.jpg,٦٦١٢٣١٣٧٧٩٢٩٠٢
628.jpg,٣٤١٨٧٦١٣٣٤٨٩٩٣
629.jpg,٩٧٦٩١٢٢٤٦١٥٠٥٨
630.jpg,٠١٢٤٤٤٢١٢١٩٠٦٠
631.jpg,٢٥٥١٩٥٤٢٨٦٩٨٨٤
632.jpg,٠٨٧١٤١٤١٥٨٥٠٩٥
633.jpg,١٥٨٦٥٨٨٢٩٠٥٤٤٤
634.jpg,٢٢٦١٠٧٢٥٩٠٤٤٧٢
635.jpg,٢٠٣٧١١١٢٩٢٢٠١٢
636.jpg,٥٧١٠٧٤٦١٠٦٨٩٣٤
637.jpg,٤٢٦٩٨٢٦٠٩٦٣٣٢٥
638.jpg,٦٩٨٤٨٩٦٨٣٧٠٢١٧
639.jpg,٥٤٠٧٠٩٠٣٢٠٦١٧٦
640.jpg,٥٢٦٣١٤٧٣٦٣٩٦٣٤
641.jpg,١٠٢٦١٣٣٤٠٢٩٤٨٠
642.jpg,٢٦٩١٧٣٥١٨٦٦١٥٩
643.jpg,٩١٨٧٥٤٩٨٥٩٣٣٣٥
644.jpg,٢١٥١٥٧٠٤٣١٦٠٠٦
645.jpg,٨١١٢٩٦٥٧١٣٩٩٩٦
646.jpg,٥٥٧٧٢٢٥٨٢١٤١٥٢
647.jpg,٠٩٣٧٢٢٩٨١١٥٢٨٨
648.jpg,٢١٥١٦٥٣٧٠٤٢٨١٥
649.jpg,٩٥٨٩٥١٩٨٤٥٧٩٣٨
650.jpg,١٤٨٥٧٠٢٢٩١٦٥٠٥
651.jpg,١٧١٤٢٩٥٥٣٥٦٩١١
652.jpg,٦٧٤٦٢٨٥٢٨١٨٤٦١
653.jpg,٢٥٦٢٢٠١٣٩٩٥٨٠٩
654.jpg,٢٣٦٦٧٩٩٥٩٦٩٦٧٤
655.jpg,٨٩٨١٦٨٩٦١٠٦٤٠١
656.jpg,٦٨٠٠٣٧١٦٩٨٨١١٠
657.jpg,٢٠٣٣١٧٢٤٥٦٣١١٢
658.jpg,٨١٩٥٩٣٩٠٥١٨٠٥٦
659.jpg,٩٠٩٧٢٢٩٧٢٣٧٩٢٤
660.jpg,٢١١٩٤٦١٢١٩٠٣٤٣
661.jpg,٣٢٦٦٠٢٢٤٩٧١١٠١
662.jpg,٠٥٣٨٠٧٤١٤١٦٨٨٨
663.jpg,٠٣٣٤٢٤٠٧٧٩١٣٥٣
664.jpg,٩٦١٦١٣١٤٨١٧٨٩٣
665.jpg,٢٠١٥٥٥٢١١٠٠٥٣٩
666.jpg,٥٢٨٣١٩٢١٠٤٤٢٦٧
667.jpg,٤٧٩١٩٤١٨٤٧٩٧٢٢
668.jpg,٦٧٤٦٩٩٨٠٥٦٤١٤٢
669.jpg,٢٢٨٦٤٥٥٩٧٨٩٥٧٠
670.jpg,٦٦٩٠١٧٦٨١١٨٦٤٣
671.jpg,٣٨٩٢١٩٢٤١٣٣٩٩٠
672.jpg,٣٢٥٥٤٩٧٥٩٤٠٠٠٨
673.jpg,٨٦٢٦٩٦٦٣٢٨٨٤٥٣
674.jpg,٧٢٠١٩٢١١٠٢٣٦١٦
675.jpg,٩٤٠٧٩١٠٩٥١٧٤٢٧
676.jpg,٩٣٥١٠٨٩٤١٥٧٧٩٣
677.jpg,٠٥٣٨٧٨٠٢٢٧٦٣٤١
678.jpg,٢٩٨٣١١٣٧٢١٨٨٧٧
679.jpg,١٩٩٧٠٧٠٢٨٧٦٣٩٥
680.jpg,٥٠٣١٢٤٩٢٦٩٨٣١٨
681.jpg,٠٠١٥٣٢٧٨٨١٣١٨٢
682.jpg,٩٥٤١٧٥٤٥٢٥٥٣٤٧
683.jpg,٥٨٥٢٥٥٢٩٦٤١٥٥٧
684.jpg,٤٠٥٤٣٥٤٨٦٦٥٢٧٥
685.jpg,٨١٢٠٣١٥٢٤٦٧٧١٥
686.jpg,٧٣٠٧٣٧٥٠٧٨٢١٦٥
687.jpg,٢٥٣٧٤٨٧١٦٦٧٤٢٤
688.jpg,٥٣٨٧٢٩٠٣٢٩٨٦٣٣
689.jpg,٨٧٤٤٨٦٥١٢١٨٢٧٩
690.jpg,٣٧١٩٩٩٢٥٢٧٩٨٠٩
691.jpg,٧٢٩٣١٠٢٩٢٥٠٢٣٩
692.jpg,٧٥٦٢٩٠٣٧٤٢٨٨٣٥
693.jpg,٤٧٨٤٥٧٧٣٠٥٦٨٧٢
694.jpg,٤٩٨٨٦٦١٢٢٨٤٤١٢
695.jpg,٨٣٤٧٦٦٤٤٥٣٤٢٥٤
696.jpg,٠٧٦٩١٧٦٦٥٩١٠٩٦
697.jpg,٣١٢٣٦٧٣٥٦٥٥٣٠٦
698.jpg,١٤٩٩٠٧٣٢٦٦٧٥٥١
699.jpg,٤٩٩١١٠٩٨٠٢٠٠٨٦
700.jpg,٤٣٦٥٤٤٣٦٠٣٦٩١٦
701.jpg,٨٧٨٨٥٤٧٦٩٥٠٥٩٤
702.jpg,٧٩٩٦٤٧٦٩٥٢٣٧٧٧
703.jpg,٧٣٤٩٣٥٨٤٩٧٢٨٢١
704.jpg,٩٠١٩٨٣٥٥١٦٦١٢٣
705.jpg,٢٥٩٩٥٣١٣٢٣٧٩٥٨
706.jpg,٠١٦٢٩٩٥٧٠٤١٦٥٦
707.jpg,٣١٨٥٠٣٦٥٧١٦٤٠٣
708.jpg,٢٥٦٤٨٣٣٣٦٣١٠٩٤
709.jpg,٣١٧٦٩١١٥٦٤٩٣٦٤
710.jpg,٤٩١٨٣٥٢٦٣٣٦١٣٤
711.jpg,٦١١٩٩٣٩١٣٧٤٣٥١
712.jpg,٦٢٣٩١٣٤٦٩٣٩٧٤٩
713.jpg,٩٨٣٩٠٠٥٤٥١٣٨٨١
714.jpg,٨٦٥٥٧١٢٦٦٤٣٨٢٣
715.jpg,٠١٥٠٦٨٧٦٠٧١٧٦٣
716.jpg,٣٩١٢٨٠٥٥٦٨٨٨٩١
717.jpg,١٠٢٨٨٠٧٦٢٢٦٤١٨
718.jpg,٩٩٨٣٢٤٣٣٢٢٣٥٣٩
719.jpg,٧١٢٨٣٧٥١٥٧٨٣٤٤
720.jpg,٩٢٩٥٨٣٤٧٤٥١٢٤٥
721.jpg,١١٤٨٧٠٤٩١٥٦٥١٣
722.jpg,٠٧٦١٩٤٣٣١١١٥١١
723.jpg,٦١٩٤٣٤٩٠٩٦٠٩٤٠
724.jpg,٢٤٤٥٧٣٦٠٦٢٨١٣٩
725.jpg,٨٨٧٩٧٣٦٠٤٥٦٤٤٥
726.jpg,٢٣٧٤٢٦٨٤٣٨٦٢٩٤
727.jpg,٦٠٧٩٣٣٨٧٨٧١٩١٧
728.jpg,٨٦٨٥٢٤٤٢٠٠٧٩٢٨
729.jpg,١٢٣٩٩١٨٢٤٤٦١٧٢
730.jpg,٨٧٥١٧٣٦٧٩٢٤٤٢٢
731.jpg,١٩٩٩٣٧٨٥٣٧٢٦٤٤
732.jpg,٣٧٩٦٨٨٨١٨١٠٥٧٦
733.jpg,٨٨٩٩٠٤٥٧٧٤٤٦٦٣
734.jpg,٠٦٥٨٥٩١٥٦٨٢٧٨٠
735.jpg,٠٨٢٤٥٣٣٨٣٨٢٤٩١
736.jpg,٦٠٢٣٨٠٩٠٤٢١١٣٣
737.jpg,٢٣٠٣٥٤٧٩٢٣٢٧٢٤
738.jpg,١٣٥٨٩٩٤٢٠٨٠٠٢١
739.jpg,٦٨٤٣٦١٤٧٨٧٦٥١١
740.jpg,٤٥٩٥٠٠٥٩٧٥٣٥٧٤
741.jpg,٩٣٤٠١١٧٢٥٠٨٥٠٧
742.jpg,٤٩٩٥٨٩١٧٢٤٢١٠٠
743.jpg,١٠٤٤١٤٠٩٩١٣٢٤٢
744.jpg,٩٤٠٢٧٢٨٧٢٤٩٩٣٣
745.jpg,٢٣٤٦٨١٣٩٨١٠٦٧٤
746.jpg,٣٨٤١٦٩٤٢٥٧٤١٥٣
747.jpg,٧٩٨٦٥٥٢٥٩٧٢٢١٦
748.jpg,٩٨٢٨٢٤٩٨٨٤٢٨٦٧
749.jpg,٤٤٣٥٨٩١٣٥٦١٨٧٤
750.jpg,٩٥٢٩٣٠٣٠٢٢٣٧٥٤
751.jpg,٣٢٩٠٣٦٠١٢١٧٣٢٤
752.jpg,٦٤٠٧٩٣٣٣٨٣٥٨٦٢
753.jpg,٢٩١٧٩٤١٢٦٧٧٢٣٢
754.jpg,٦٣٧٩٠٤٧٢٣٨٢٥٩٧
755.jpg,٣٩٤٦٣٢٤٣٩٠٦١١٠
756.jpg,٦٧٣٤١٣٨١٧٧٦٨٧٨
757.jpg,٤٤٠٦١٠٣٧٤٠٨١٦٢
758.jpg,١٩٨٠٧٥١٩٣٤٧٨١٩
759.jpg,٨٢٩٤١٤٣٥٠٨٦٤٦٣
760.jpg,٨١٧٩٥٦٠٠٢٠٢٣٦٠
761.jpg,٧٧٠٧٠٩١١٠٣٤٠٤٥
762.jpg,١٦٤٦٥٩٢٩٢٧٣٩٤٠
763.jpg,١٥٣٦٩٤٨٤٠٩٣٠٢٠
764.jpg,٥٢٢٦٧٨٥٨٨٩٦٦٤٠
765.jpg,٩٠٦٠٧٤٨٤٠٢٥٩٠١
766.jpg,٩٢٧٢٣٢٣٤٣٤٩٨١٥
767.jpg,٦٥٢٨٦٦٣٣١٠١٨٧٤
768.jpg,٩٢٣٢٣٥٣٦٣٣٣٠٥٩
769.jpg,٧٨٦٢٩٢٤١٦٦٧٢٢٨
770.jpg,٥٤٧٤٧١٧٤٥٠٣٢٦٤
771.jpg,٠٥٩٧٨٨٣٣٢٠٣٣٦٩
772.jpg,٠٥١٨٨٥٣٥٠٠٧٠١٢
773.jpg,٨١٩٥٤٩٧٠٥٤٠٦٢٥
774.jpg,٦١٤٦٨٠٠٨١١٦٦١٩
775.jpg,٠٤٨٨١٥٠٩٧٩٢٢٧٦
776.jpg,٠١٥٦١٥١٨٠١٢٦٧٣
777.jpg,٣١٨٧٣٩٣٧٥٢٧١٧٨
778.jpg,٣٧٢٧٩٤٩٨٢٨١١٧٥
779.jpg,٨٥٩١٩١٥٥٢٢٧١١٠
780.jpg,٩٨٠٨٨٩٩٥٠٩١٤٥٣
781.jpg,٣٢٥٧٤٩٠٣٢٢٨٨٤٩
782.jpg,٥١٦٦٩١٦٤٧٨٩٦٨٨
783.jpg,٦٣٦٣٤٣٢١١٦٧٠٦٩
784.jpg,٦٢٨٦٩٦٦٦٢٧٣٩١٢
785.jpg,٢١٢٣٠٣٨٩٧٢٨٦٣٠
786.jpg,٦٩٧٧٣١٩٨١٨٠٩٧١
787.jpg,٦٢٧٢٠١١٠٩٠٦٦٥٣
788.jpg,١٢٤١٠٠٢٣١٤٥٦٢١
789.jpg,٢٢١٦٩١٤١٢٧٠٧٢٩
790.jpg,٥٩٨٢٩٧٥٤٩٦٤٣١٤
791.jpg,٧١٦٣٠٩٧١١٧٧٤٥٩
792.jpg,٣٣٧٣٦٤٩٨٤٤٢٨٣٨
793.jpg,٨٩٠٠٠٢٦٢٩٠٦٢٣٩
794.jpg,٨٦٧٠٩٤٧١٥٥٣٦٢٥
795.jpg,٦١٥٥٤١٤٥٣٩٢٤٢٧
796.jpg,٣٢٨٠٨٠٣٨٨٦٠٦٢٣
797.jpg,٥٩٩٩٢٣٠٨٩٦٥٦٤٨
798.jpg,٥١٦٩٤٣٦٦٥٣١١١١
799.jpg,٢٠٦٧١٢٧٢٦٩٦٥٨٢
800.jpg,٧٢٠٤٨٣٩٥٢٠٢٣٦٦
801.jpg,٦٩٣٢٠٩٣٤١٠٥٦٥٣
802.jpg,٣٦٣٣٣٢٤٦١٠٨٤٢٧
803.jpg,٢٨١٠٥٧٢٥٥٠٩٩٠٧
804.jpg,٠٢٥٤٨٢٨٣٧٦٣٦٤٩
805.jpg,١٨٨٩٠٧٨٦٩٩٢٨٨٤
806.jpg,٤٥٣٨٣٨١٢٩٠٦١٧٠
807.jpg,٤٢٠٠٩٠١٣٩٨٩٢٦٢
808.jpg,٩١٣٢٧٣٠٥٠٧٥٥٠٢
809.jpg,٠٤٦٩٨١٠٢٩٦٣٣٥٥
810.jpg,٨٥٤٠٢٤٤٩٢٣٣٧٦٥
811.jpg,٨١٥٦٨٩٤٤٨٢٣٥٠٤
812.jpg,٣٧٧٩٢٦٨٠٠٤٥١٢١
813.jpg,٦٣٦٦٢٠١٤٦٣٠٦٠٦
814.jpg,٥٢٧٤٧٤٧٢٤٢٥٩٤٧
815.jpg,٤٨٤٤٨٤٩٦٣٥٥٥٩٨
816.jpg,٧٤٠٨٦٤٣٠١١٩٤٥٢
817.jpg,٥٦١٩٩٦٤٧٠٤٢٣٩٠
818.jpg,٥٧٦٩٧٦٠٩٢٢٢٣٦٩
819.jpg,٨١٩٤٧٧٠٩١٠٢٠٤٩
820.jpg,٧٥٣٠٨٩٣٨٤٨٤٥٩٨
821.jpg,٩٢٣٠٥٧٧٨٣٦٦١١٥
822.jpg,٤٩٦٤٧٤٨١٥٧٩٤٦٠
823.jpg,٨٠٢٦٣٧٦٠٦٥٥٢٣٨
824.jpg,٦٠٣٢٠٥٦٨٠٣٩٧٤٠
825.jpg,٩٨٩٣٣٤٦٠٥٦٨٨٦٧
826.jpg,٨٥٣٠٥٣١٦٦٢٧٦٥٨
827.jpg,١٧٠٩٨٦٢٥٤١٩١٨٥
828.jpg,٤٩٠٣٧٧٩٩٥٨٠٨٨٧
829.jpg,٦٥٩٧٦٠٧٢٧٨٠٢٧٦
830.jpg,٦١٥٢٤٤٠٧٧٨١٠٥٠
831.jpg,٣٠٧٧٧٧٠١٠٣٦٩٠٣
832.jpg,٣٣٩٩٦٢٠٤١٥٣٥٨٢
833.jpg,١٤٦٩٢٥١٨١٠٧٥٢٨
834.jpg,٠٤٩٠٤٠٢٦٩٤٨١٣٤
835.jpg,٢٢٥٣٢٩٧٦١٦٣٧٥٢
836.jpg,٦٤٩٠٩٩٩٥٣٤٣٢١٤
837.jpg,٠٦٩٥٩٢٧٩٠٥٥٢٧٦
838.jpg,٨٤٣٤٥٧٨٢٣٩١٠٩٨
839.jpg,٨٢١٠٨٤٦٨١٤٣٢٩٩
840.jpg,٠٨٥٦٠٥٦٦٩٨٠٤٥٥
841.jpg,٨٢٥٦٩١٧١٥٠٨٢٩٧
842.jpg,٣١٩٢٨٣٩٩٠٠٢٥٦٨
843.jpg,٤٤٤٠٧٢٥٨٩١٢٣٥١
844.jpg,٢٧٥٠٣٢٤٦٣٥٠٧١٣
845.jpg,١٩٦٦٩٨٤٠٦٦٥٥٨٥
846.jpg,٧٥٠٨٣٠٢٦١٥٠٨٦٠
847.jpg,٧٣٥١٢٨٦١٦٦٧٩٣٢
848.jpg,٧٥٩١٨٤٢٧٩٣١٢٤٩
849.jpg,٠٣٨٧١٤٣٧١٤٨٦٥٧
850.jpg,٣٧٩٠٦٦٨٧٢٥٠٠١٩
851.jpg,٦٠١٤٠٨٤٧٨٨٧٧١٠
852.jpg,٩٦٦٠٧٥٢٧٩٠١١٦٣
853.jpg,٩٩٠٤٧٦٥١٥٦٤٥٧٧
854.jpg,٩٤٦٩٩٢٥٧٤٦٧٩٢٠
855.jpg,٩٤٧٧١٢٣٠١٣٧٦٩٦
856.jpg,٥٤٣٢٢٤٦٨٤٧٨٢٤٢
857.jpg,٢٥١٥٨٠٠٤٩٤٤١١١
858.jpg,٤٣٤٠٢٧٢٤٣٥١٤٣٧
859.jpg,٩٧٥٠٨٢٦١٢٧٨٤٢٦
860.jpg,٤٥٨٥٣٧٤٧٨٩٢٢٩٣
861.jpg,٥٠٢٧٢٦٥٩٥٢٧٣٤١
862.jpg,٤٣٩١٤٤٣٠٤٣٥٢٥٣
863.jpg,٤٦٧٠٨١١١٣٤٤٨٨٩
864.jpg,٦٦٢١٦٨٠٦٥٢٩٨٠٧
865.jpg,٨٧٢١٣١٨٤٢٥٤٣٨٠
866.jpg,٣١٠٣٠٦٠٤١٦٠٥٤٢
867.jpg,٠٢٢٦٥٨٤٢١٧٤٢٤٦
868.jpg,٧٢٠٥١٩٤٠١٧٩٦٢٩
869.jpg,٠٢٥٥٢٨٣١١٥١٢١٣
870.jpg,٠٦٠٨٠٣٣٣٢٦٩٠٩٤
871.jpg,٤٣٦٩٤٠٤٠٤١٢١٦٢
872.jpg,٣٦٤٦١٠٠٦١٦٥٧٥٨
873.jpg,٩٨٥٩٨٧٣٥٠٧١٨٩٣
874.jpg,١٤٨٣٦٩٥٩٥٨١٣١٠
875.jpg,٥٥٤١٥٠٥٠٢٠٧٤٠٧
876.jpg,٥٩٣١٢٥٥٢٩٣٤٣٥٩
877.jpg,٤٢٦٩٦٥٩٨٩٩٨٠٥٢
878.jpg,٣٠٨٥٢٢٢٨٩٠٩٥٢٨
879.jpg,٩٢٣٩٠٥٤٢٥٠٨٤٨٨
880.jpg,٥٣٠٩٧١٨٩٨٦٩١٠١
881.jpg,٩٦٩١٧٦٣٤٢٠٧١٨٠
882.jpg,١٢٩٢٢١٩١٠٧٨٨٦٦
883.jpg,٥٧٦٥٥٧٥٣٣٠٣١٧٧
884.jpg,٢٩٢٣٤٨٧٩٠٦٢٤٠٦
885.jpg,٢١١٩٦١٦٢٦٨٧٥٤٨
886.jpg,٧٢٤٩٨٧٠٥٧٣٨٦٨٨
887.jpg,٣١١٢٥٣٦٩٤٧٨٠٢٩
888.jpg,٦٠٤٧٤١٥٨٥٤٥٤٠٢
889.jpg,٤٠٠٠٦٦٠٦٣٨٦٣١٦
890.jpg,٩٧٥٤٤٦٨٦٤٢٤٥٠٣
891.jpg,٢٨٩٧٣٩٠٥٩٤٨٩٩٥
892.jpg,٣٠٥٦٤٦٧٤٢٣٠٠٢٩
893.jpg,٠٤٥١٣٩٣١٥٨٢٣٧٧
894.jpg,٦٣٧٧٤٧٢٧٤٥٣١١٧
895.jpg,٩٨٤٩٩١٠٣٩٧٣٩٨٩
896.jpg,٩٩٠٥٤٢٥١٨٢٨٧٠٤
897.jpg,٦٨٣٧١٦٨٥٧٦٥٠٤٠
898.jpg,٣٧٨٣٥٣٤٠٧١٠٧٥٠
899.jpg,٨٣٧٧٥١٧٣١٥٦٠٤٠
900.jpg,٧٩٧٧٤٥٣٤٣٤٦٣٨٢
901.jpg,٥٨٣٧١٠٥٨٣٦٢١٩١
902.jpg,٥٤٤٥٩٠٨٤٥٣٨٤٧٤
903.jpg,٩٩٢٥١٩٧٨٨٨١١٧١
904.jpg,٤٣٥٢٥٧٤٤١٥٢٥٠٦
905.jpg,٠٩٢٨٦٠٤٠٢٩٨٣٣٢
906.jpg,٧٤٤٦٠٦٧٠٩٦٠٦٥٥
907.jpg,٥٦١٤٤٧٨٩٧٣٩٩١٠
908.jpg,٩١٦٢٥٠٠٨٣٢٤١٠٢
909.jpg,٦١٦٩١٨٠٦٥٨٦١٢١
910.jpg,٢٢٢٤٦٢٥٤٢٩٥٦٨٣
911.jpg,٨١٧٢٠٥٦٤٧٣٧٩٢٢
912.jpg,٦٩٤٩٠١٢٢٥٦٠٩٨٩
913.jpg,٣٥٥٥٣٠٨٨٦٥٨٩٠٩
914.jpg,٨٦٧٨١٠٤١٩٣٥٧٤٥
915.jpg,٦٥٧٠٧٩٩١٧٣٩٤٦٣
916.jpg,٢١٣٩٧٤٢١٠٤٧٢٨٩
917.jpg,٦٣٧٩٨١١٦١٨٩٩٨٣
918.jpg,٢٩١٩٩٤٣٧٥٧٢٤١٣
919.jpg,٨٤٤٤٩٢٢٦٤٣٢٦٨٦
920.jpg,٦٧٢٥٩٩٥٠٧٠٧٣٣٧
921.jpg,٥٩٧٨٥٢٣١٨٨١٧٩٨
922.jpg,١٢٥٥٨٦٩٢٤٠٠٢٧٦
923.jpg,٧٥٥٧٠٩١٩١٨٣٧٢٧
924.jpg,٦١٠١٠٣٢٠٨٥٦٦٠٦
925.jpg,٠٤٨٨٨٧٥٩٢٨٦٣٩٧
926.jpg,٢٠٦٤٩٢٦٦١٥٥٨٨٠
927.jpg,٠١٣١٦٩٨٦٩٥٢٥١٧
928.jpg,١٥٧٢٦٤٩٤٣٣١٨٧١
929.jpg,٣٢٥٧٩٤٦٩٧٧٠٨٣٦
930.jpg,١٤٧٩٣٤٤٦٤٧٩٠٥٩
931.jpg,٣٥٢٢٤٣١٤٢١٣٢٢٤
932.jpg,٢٣٧١٥٨٥٣٠٤٧٩٠٤
933.jpg,٥٢٧٩٧٠٩٣٣٤٠٤١٨
934.jpg,٤٣٤٥٦٢٨٣١٣٧٨٦٥
935.jpg,٥٣٥١٨٩٩٣٧٣٦٥٥٠
936.jpg,٣١٦١٢٩٩٣١٠٠٧٧٩
937.jpg,٠٦٥١١٢٢٦٠٧١٠٦٥
938.jpg,٩٢٨٢٣٩٩٧٨٥٤٣١٦
939.jpg,٥٢٣٧٤٢٦٩٧٨٥٨٧٨
940.jpg,٧٩٨٥٣٦٤١٧٨٩٠٨٢
941.jpg,٥٥٣٢٨١٧٨١٢٧٣١٤
942.jpg,٠٤٥٨٤٤٧٣٥٣٤٣٤٣
943.jpg,٥٣٠٢٥٩١٢٨٦٤٥٥٨
944.jpg,٤٩٣٨٢٢١٦٠٠٩٥٦١
945.jpg,٧٠٦٠٠٦٠٥٤٧٣٦٧٩
946.jpg,٨٦٦٦٥٠٣٢٥٥٩٦٣٤
947.jpg,٠٩٣٩٧٩٥٥٨٤٥٧٢٥
948.jpg,٧٣٦٧٦٥٣١٨٤٥٥٢٦
949.jpg,٢٣١٩٤٠٨٩٤٤٧٢٣٠
950.jpg,٥٩٤٩٣٥٥٢٤١١٦٨٦
951.jpg,٤٥٤٨٠٠٠٣٧٢٣٢٠٧
952.jpg,٠٥٨٩٥٥٤٤٧١١٥٩٥
953.jpg,٥٤٥١١٧٨٣٠١٣٨٣٦
954.jpg,٤٩٣١٢٧٨٧٠٩٦٤٧٠
955.jpg,١١١٨١٠٣١٦٦٧١٩٩
956.jpg,٨٧٨٩٧٦٨٠٩١٩٨٣٧
957.jpg,٦٧٩٩٥٥٤٧٧٩٣٩٥٠
958.jpg,٥٨٨٨٥٣١٦٨٢٥٧٠٧
959.jpg,٤٠٤٥١٧٣٤٣٨٩٨٥٤
960.jpg,٣١٨١١١٦١٦٨٧٩٢٥
961.jpg,٨٣٠٠٢٧٦١٠١٦٠٤٦
962.jpg,٦٧٠٥٣٩١٧٨٨٩٣٧٧
963.jpg,١٨٤٩٩١٩٩٤٤٩٠٢٢
964.jpg,٣٧٧٤٩٣٢٩٦٨٤١٦٢
965.jpg,٨٦٤٥٣٧٦٣٣١٠٧٨٠
966.jpg,٥١٥٠٣٥٠٩١٠٠٢٣٢
967.jpg,٤٥٢٣٦٥٢٣٤٦٨١٠٠
968.jpg,٨٨٠٤١٢٧٦٩٩٧٥١٤
969.jpg,٧٠٣٣١٣٩٨٦٤٤٢٩٥
970.jpg,٣٨٢٧٠٧٠٥٢١٥١٦٧
971.jpg,٧٨٨٩١١٣٥٩٠٠٤٠٩
972.jpg,٨٠١٠٨٨٤٢٤٥٧٣٨٤
973.jpg,٢٦٨٢٨٥٩٢٧٣٩٧٠٤
974.jpg,٠٠١١١٥٥٠٠٢٣٥٣٥
975.jpg,٥٠٤٤٩٠٥٤١٢٦٨٦١
976.jpg,٢٤١٤٨٦٨٦٠٩٥٦٨٨
977.jpg,٧٧٧١٤٤٦٠٨٦٨٤١١
978.jpg,٠٨٢٣٣٦٦٣٤٧٨٠١٩
979.jpg,٥١٣٠٦١٤٩٧٤٥٤١٣
980.jpg,٧٩١٦٢٨٨٥٥١٨٠٠٢
981.jpg,٩٩٧٣٦٧٦٠١٣٦٢٢٨
982.jpg,٨٤٤٤١٤٦٦٧٤١٠٠٥
983.jpg,٥٧١٨٦٨٦٨٩٩٥٤٢٤
984.jpg,٤٧٢٨٨٩٤٧٢٤٤٧٥١
985.jpg,٧٩٥٥٦٢٧٠٦٤٨٨٨٩
986.jpg,٤٣٧٢٠٥٣٤٥٥٧٦٠١
987.jpg,٩٦٥٣٣٦٥٩٣٢٠٦٠٥
988.jpg,١٢٩٠٢١٠٤١٩٩٤٣٩
989.jpg,٧٠٧٢٥٦٨٤٣٢٢٨٩٤
990.jpg,٥٩٦٥٣١٦٥٨٢٥٨٨٢
991.jpg,٧٧٠٢٨١٦٠٧٥٨٩٨٦
992.jpg,٣٢١٥١٨٧٠٢٨٢٣٧٥
993.jpg,٩٩١١٧٨٧٩٢٢٨٤٢٥
994.jpg,٧٦٩٨٠٠٦٨٨٩١٢٥٠
995.jpg,٨٢٥٥٥٥٤٤٨٩٨٩٤٥
996.jpg,٦١٠١٨١٠٢٢٤٦٨٩٥
997.jpg,٩١٣٢١٠٠٠٩٣٢٠٨٣
998.jpg,٤٠٩٤٥٣٠١٧١٧٤٣٨
999.jpg,١٩٩٩٤١٢٧٥٨١٥٥٢
1000.jpg,٠٩٨٢٧٤٥٣١٣٢٩٩٦
1001.jpg,٧٦٢٠٢٧٥٥٧٢٥٣٢٤
1002.jpg,٨١٥٧٨١٤٥٦٩٣٠٩١
1003.jpg,٥٥١٣٠٣٣٠٩٩٩٨٤٢
1004.jpg,٥٣٢٦٨٣٧١٣١٨٣٩٦
1005.jpg,٢٦٨٥٣٧٧٢٤٨٢٩٤٨
1006.jpg,٦١٥١٨٠٨٠٥٨٤٨٩٢
1007.jpg,٠٢٩٣٥٢٥٦١٧٨٩٩٣
1008.jpg,٦٤١٤٣٥٩٩٩٨٤٠٥٣
1009.jpg,٩١٠٩٧٨٧٤٤٠١٩٧٥
1010.jpg,٢٨٤٩٤٢٩٤٦٢٨٢٤٥
1011.jpg,٧٧٠٧٠٩٨٣٧٦٢٣١٢
1012.jpg,٨٦٦٨٠٣٥٦٦١٥٧٨٦
1013.jpg,٠٣٦٢٩٥٥٢٠٩٥٨٧٩
1014.jpg,٥١٨٢٧٥٩٨٤٢٨٩٥٦
1015.jpg,٨٦٣٥٦٦٢٥٨٦٠٤٣١
1016.jpg,٠١٧٤٠٣٣٨٩٦٦٢٧٢
1017.jpg,٤٣٠٦١١١٤٤٢٥٨٨٨
1018.jpg,١١٣٩٨٢٣٨٦٦٤١٠٢
1019.jpg,٢٠١٩٧٦٤٧٩٢٥٣٩٩
1020.jpg,٦٦١٨٨٧٥٠٦٤٣٧١٨
1021.jpg,٠٢٦٦٩٤٣٦٤٣٥٥١١
1022.jpg,١٥٦٤٧١١٤٠٦٣٦٠٤
1023.jpg,٨٦٨٦٤٥٠٣٠٩٣٠٠٧
1024.jpg,١٧٩٥٥٠٣٥٨٥٧٥٨٢
1025.jpg,٨٨٤٤٩٥٠١٤٨٩٩٨٥
1026.jpg,٧٩٤١٩٢٢٥٣٠٩٩٨٨
1027.jpg,٣٦٧٥٢٤٢٦٩٨٠٠١٤
1028.jpg,٤٠٨٩٢٣٨٢٥٣٢٦٥٩
1029.jpg,٠٩٥٩٠٠١٤٣٠٧٠٧٢
1030.jpg,٩٤٣٤٩٨٥١٨٣٧٥٥٤
1031.jpg,٠٣٦٤١٥٣٠٢٤٢١٨٣
1032.jpg,٣٣٤٠٩٩٩٩٥٣٤٣١٣
1033.jpg,٧٨٩٣٥٩٢٧٤٨٧١٤٦
1034.jpg,٠١٥٧٧٤٠٨٧٣٣٤٣٣
1035.jpg,١٣٤٥٩٤٢٣١٢٧٢٠٦
1036.jpg,٢٠٦٣٤٢٨٣٧٢٤٧١٤
1037.jpg,٥٨٧٦٤٣٩٩١٨٣٣٩٩
1038.jpg,٤٦٤٦٢٨٩٦٦٢٩٨٧٧
1039.jpg,٣١٩٥٢١٥٨٣١٧٨٩٧
1040.jpg,٩٤٠٣٤٧٥٨٧٧٠٥٦٠
1041.jpg,٨٩٨٠٤٢٧٩١٣٥٣٦١
1042.jpg,١٠٨١٨٤٧٥٠٥٦١٦١
1043.jpg,٠٣٣٣٦٥٣٧٢٨٦٦٨٩
1044.jpg,٦٥٧٧٨٢٠١٩٥٦٤٤١
1045.jpg,٩٠٩٨٠٠٤٩٣٧١٩٠٤
1046.jpg,٠٧٦٢٠٢٥٤٧٣٨٧٩٥
1047.jpg,٠١٥٦٧٨٠٩٢٣٥٨٢٧
1048.jpg,٠٥٦٢٨٠٣٧٤٨٠١١١
1049.jpg,٤٤٧٧٤٥٤٨٦٣٤٨٠٩
1050.jpg,٩١١٨٥١٠٨٣٢٥٤٢٥
1051.jpg,٨٧١٠٣٥٥٩٦٤٠٤٤٥
1052.jpg,١٦٩١٨٥٦٥٨٧٢٩٥٣
1053.jpg,٦٦٣٢٥٧٢٧٢٧٦٩٥٢
1054.jpg,٨٣٣٨٥٨٤٢١٤٩٨٠٢
1055.jpg,٩٥١٥١٣٢٨٨٦٢٣٦٣
1056.jpg,٧٤٦٩١٤٣٤٦٤٥٤٣٠
1057.jpg,٧٧١٣٥٨٦٨٩٩٣٧٦٥
1058.jpg,٩٢٠٦٨٠١٦٦٨٨٥٩٩
1059.jpg,١٢٢٢٢٠٣٦٧٢٦٩٣٦
1060.jpg,٢٠٨٥٩٥٨٥٧٧٩٤٠٥
1061.jpg,٣٣٥٧١١٩٤١٦٢٢٩٠
1062.jpg,٠٧٢٣٧٩٠٨٧٥٨٥٢١
1063.jpg,٠٤٠٥٢٥٦٨٩٨٠٧٢٤
1064.jpg,٧٦٨٤٧٢٩٩٨٥٦٥٥٥
1065.jpg,٤٧٠٩٤٥٥٤١١٦٨٧٠
1066.jpg,٥٣١٣٨٧٧٤٧٢٧٥٤١
1067.jpg,٨٠٥١٨٣١١٠٠٦٥٥٣
1068.jpg,٩٣٤٥٦٢٥٨٩٦٣٠٠٧
1069.jpg,٥٥٨١٩٣٩١٥١٤٩٤١
1070.jpg,٧٣٣٩٨٠٦٨١٩٣٤٦١
1071.jpg,٣١٩٣٤٠٢٨٤٧٩٣٦١
1072.jpg,٠٤٢٥٥٨٧٠٢٩٩٦٢١
1073.jpg,٤١٧٨٨٩٨٩١٠١٣٨٠
1074.jpg,٠٥٩٧٧٦٠١٣٨٠٥٠٦
1075.jpg,٦٣٤٠٥٤٦٦٤٥٩١٦٣
1076.jpg,٦١٦٩٥١٢٥٧٣٥٥٧٤
1077.jpg,٩٧٨٨٨٦٦٧٥٥٤٨٧٧
1078.jpg,٩١٨٨٠٨٤٧٥٨٦٢٠٧
1079.jpg,٥٩٤٢٠٩٣٨٦٤٩٤٢٣
1080.jpg,٦٨١٨٤٨٤٥٤٣٧٨٢٧
1081.jpg,١٣٩٧٥٨٢٨١٩٨٦٦٢
1082.jpg,٥٥٥٨٧٣٧٧١٣٤٦٧٠
1083.jpg,١٨١٩٣٧٢٧٧٥٤٧٢٤
1084.jpg,٠١٤٨٢٣٣٢١٥٥٩٧١
1085.jpg,٥٣٦٨٧٧٣٥٢٤٢٥٧٧
1086.jpg,٥٩١٣٣١٠٥٢٨٤٧٧٧
1087.jpg,٤٨٨٦٥٦٢٩٩١٨١٣٠
1088.jpg,٧٣١٨٦٢٩٥٦٥٦٤٩٦
1089.jpg,٦٤٢٥٢٧٧٦٣٣٦٩١٨
1090.jpg,٨٢٣٤٥١٦٩٢٤٧٢٠٨
1091.jpg,٨٨٦٩٩٢٧٥١١٠٣١٠
1092.jpg,٧٦٨٥٦٠٦٨٩٣١٢٧٠
1093.jpg,٨٧٤٥٩٩١٠٠٠٦٣٨٥
1094.jpg,٧٥٢٦١٠٩٩١٦٩٢٨٩
1095.jpg,١٨٦١٧٢٦٢٠٢٧٧٨٢
1096.jpg,١٥٤٠٣٧٠١٤٣٢٨٢٦
1097.jpg,٢٣١٠٦٨١٨٤٨٩٤٥٨
1098.jpg,٢٦٢٣٨٨٥٧٢١٣٧٠١
1099.jpg,٢٢٥٧٧١٢٦٦٨٥٤٠١
1100.jpg,١٤٤٠٨٠٦٠٧٥٠٢٤٩
1101.jpg,٠٦٢٢١٨١٥١٨٨٠٠٩
1102.jpg,٣٢٨١٧٣٠١٩٢٧٦٣١
1103.jpg,٧٥٥٤٢٤٠٨٥٠٩٧٧٨
1104.jpg,٢٧٤٩١٢٠٥٢٥٣٩٣٧
1105.jpg,٥٦١٥٠١٦١٦٥٢٤٢٦
1106.jpg,٢٧٩٠٤٥٠٥٠٨٢٦٨٥
1107.jpg,٩٦١٤٢٥٥١٧٩٦١٥٠
1108.jpg,٢٥٩٠٧١٨٣١٥٧٤١٥
1109.jpg,٧٠٧٦٠٦٤٣٣٤٦٩٩٤
1110.jpg,٢٠٥٧٠٢٠٣٦٧٢٠٧٤
1111.jpg,٦٦٩٦٦٣٧٩٦٢٦٨٨٠
1112.jpg,١٦٣٣٢٣٧٧٩١٥٣٤٨
1113.jpg,٤٧٤٣٢٩٤٦٧٢٥٩٣٩
1114.jpg,٧٥٢٩٦٣٠٣٥١٨٩٧٩
1115.jpg,٨٠٧٨٣٣٠٤٦٥٧٠١٠
1116.jpg,٤٠٦٦٣٥٤٨٥٩٨٩٠٣
1117.jpg,٧٩٠٩٥٥٣٥٥٣٧٦٧٣
1118.jpg,٥٤٢٤٧٠١١٩٣٩٤٥١
1119.jpg,٨٠٩٥٠٢٩٧٣٨٩١٩٠
1120.jpg,٦٧٣٨٩٤٩٥٠٧١٢٦٠
1121.jpg,٤١٤٦٩٧٢٨١٩٢٣٨٦
1122.jpg,٧٠٧٩٨٢٨٨٢٨٦٦١٨
1123.jpg,٧٢٩٤٠٢٣٦٤٤٦٣٦٥
1124.jpg,٦١٤٩٧٠٨٧١٣٧٢٤٨
1125.jpg,٠٨٥٣٢٩٧٩٩٩٦٥٥٤
1126.jpg,٠٩٦٢٠٥٧٧٠٨٩١٨١
1127.jpg,٣٧٦١٨٩٦١٠٩٥٢٧٦
1128.jpg,٩٩٧٠٧٢٧١٩٣٥٤٠٥
1129.jpg,٩٧١٢٤٤٢٨٤٢٩٦٤٨
1130.jpg,٥٦١٧١٥٩٨٥٢٤٤٧٦
1131.jpg,٦٤٨٦١٧٧٥٠٤٧٧٨٨
1132.jpg,٧٣٣٦٠٣٠٢١٨٣٨٣٢
1133.jpg,٥٣٥٦٢٩٠٣٥٠٣٣٨٢
1134.jpg,٨٥١٣٥٠٥٩٠٠٩٦٣٧
1135.jpg,٤٠٥٠٨٨٠٨٠٦٦٢٩٨
1136.jpg,٤٦٠٥٤٨٦٥١٤٩٢٩٧
1137.jpg,٦٧٢٥٠١٣٣٣٠٠٣٦٢
1138.jpg,٧٤٣٧٩٨٨٤١٤١٧٣٥
1139.jpg,١٩٧٥٢٧٦٨٨٢٩١١٦
1140.jpg,٣٢٣٥٠٢١٥٤٢٢٦٠٨
1141.jpg,٦٤٣٣٨٦١٤٨٨٩٠٩٨
1142.jpg,٠٠٤٧٩٧٢٦٢٠٣٥٤٥
1143.jpg,٦٥٣٩٠٩٢١١٥٣٣١٨
1144.jpg,٦٢٦٩٤٩٤٥٦٠٩٦٢٧
1145.jpg,٢٨٧٦٢٠٣٦٢٦٤٦٢١
1146.jpg,٣٦٠٨٦٤٩٢٤٦٨٣٢٦
1147.jpg,٧٣٥٧٢٤١٣٥٥١٨٥٩
1148.jpg,٩٢٦٣٤٠٢٥١١٧٥٠٧
1149.jpg,١١٦٥٢٣٠٩٣٥٢٦٩٥
1150.jpg,٩٠٨٥٣٥٥٢٠٢٦٦٣٩
1151.jpg,٠٩٦٤٢٣٢٣٩٩٠٦٥٦
1152.jpg,٢٥٥٥٩٧٠٥٣٧٩٨٦٤
1153.jpg,٦٢٥٨٤٢٧٢٢٠٧٥٠٣
1154.jpg,٠٥٠٣٢٣٨٠٩٥٤٠٩٤
1155.jpg,٨٥٢١٨٦٦٦٦٧٧٢٩٥
1156.jpg,٢٢٢١٦٥٩٠١٣٤٤٥٤
1157.jpg,٢٢٧٩٣٠٢٣٨٥٩٧٩٤
1158.jpg,٢٥٢٩٠٠٧٦٠٥٥٩٧٥
1159.jpg,٩٩٦٠٦٠٢٧٩٣١٦٦٣
1160.jpg,١٤٠٨٥٥٦٠٠١٢٢٩٤
1161.jpg,٣٨٤٤٨١٧٩٧٨٩٠٧٧
1162.jpg,٣٥٠١٨٢٩٦٧٨٣٤٦٩
1163.jpg,٠٥١٧١٨٠١١١٤٣١٤
1164.jpg,١٤٨٤٣٢٦١٧٨٢٤٦٧
1165.jpg,٨٥٦٩١٣١٧٢٦٧٩٥١
1166.jpg,٢٩٨٨٢٥٧٧٠٤٤٥٣٥
1167.jpg,٤٦٩٠٣٩٤٤٠٩٥٨٣٤
1168.jpg,٦٨١٩١١١٧٩٠٧٥٨٠
1169.jpg,٦٠٧١٤٦٩٩٤٤٠٠٨٣
1170.jpg,٧١٩٠٢١٥٠٨٧٨٥٧٩
1171.jpg,٨٦٦٣٠٥٢٧٥٢٤٩٧٩
1172.jpg,٨٢٣٣٤٢٣١٠٦٦٩٩٣
1173.jpg,١٤١٠٢٠٥٧٧٩١٢٢٦
1174.jpg,٤٤٨٦٤٦١٠٤١٨٢٠٧
1175.jpg,٩٩٩٤٢٠٢٣٣٨٥٢٢٨
1176.jpg,٢١٣٦٢٦٩٨٤٦٩٩٦٠
1177.jpg,٤٤٠٦٦٨٦٨٩٤٥٩٠٨
1178.jpg,٢٢٠١٣٥٤٧٩٢١٣٧٠
1179.jpg,٧٧٢٠٣٠٨١٨٧٨٤٠٠
1180.jpg,٥٤٣٩٣٧٤٤٨٣٦٦٢١
1181.jpg,١٤٣٦٢٥٧٥٢٩٦٤٠٣
1182.jpg,٤٨٩٢٠٣٤٨٠٤٥٢٥٦
1183.jpg,٦٦٧٨٧٦٨٥٢٣٨٢٩٢
1184.jpg,٦٧١٦٢٢٩٨٢٤٣٩٣٠
1185.jpg,٥١٥٧٧٨٠٥٥٣٥٨٢٥
1186.jpg,٢٥٢١٤٠١٣٢٣٠٢٤٢
1187.jpg,٦١٧٥٧٢٢٥٦٥٣٠١٧
1188.jpg,٣٤٥٢٦١٧٧٩٩٦٩٣٣
1189.jpg,٦٣٩٠٠٦٨٢٧١٦١٨٨
1190.jpg,١٢٦١٩٢٠٣٦١٦٧٨٦
1191.jpg,٥١١٣٠٢٨٠٩٦٨٥٢٢
1192.jpg,٤٨٦٦٥٤٠٣٤٢٤٠٥٩
1193.jpg,٣١٥٤٨٥٥٩٨٨٦٩٥٩
1194.jpg,٢٧٩٧٥٣٤٧٥٩٤١٢٣
1195.jpg,٦١٨٤٧٢٦٤٤١٧٥٠٩
1196.jpg,٢٤٢٩٨٦١٤٦٨٤٧٨٠
1197.jpg,٧٥٩٨٨٢٥٧٤٢٦١١٩
1198.jpg,٨٢٧٤٢٢١٦٧٠٩٩٥١
1199.jpg,٨٤٢٥٨٤٨٩٣٢٩٨٣٥
1200.jpg,٠٧٧٩٩٥٧٧٥٢٢٢٤٩
1201.jpg,٠٢٨٧٧٩٨٥٥٨٢١٢٥
1202.jpg,٢٧٦٧٧٨٧٢٤٨٧٠٤٠
1203.jpg,٢٩٨٤٧١٤٢٩٢٧٠٨٩
1204.jpg,٥٢٠٢٩٩٠٥٦٢٣٧٠٤
1205.jpg,٢٧٣١٧٦٨٠٧٨٩١٢٧
1206.jpg,٥٩٣١١٦٨٠٨٦٠٨٣١
1207.jpg,٨٧١٠٣٨٦١٩٥٣٣٣٧
1208.jpg,٧٩٩٠٧١٣٧٠١٨١٥٩
1209.jpg,٠٤٧١٤٨١٦٤٦٧٩٠٣
1210.jpg,٣٦٣٥٠٩١٧١٦٨٠١٩
1211.jpg,٨٤٣٢٢١٧٨٦٠٣٢٨٣
1212.jpg,٥٣٥٤٨٤٠٨٥٩٤٥٣٩
1213.jpg,٣٤٨٨٤٧٨٦٨١٣٥٤١
1214.jpg,٩٢٦٩٤٤٨٩٠٣٧٣٦٢
1215.jpg,٣٩٧٧٨٧٦٥٧١٨٦٩٣
1216.jpg,٣٩٧٤١٥٤٥٦٤٤١٥٦
1217.jpg,٢٤٣٧٣٠٢٧٥٧٠٢٩٦
1218.jpg,٠٩٠٤٠٥٩٣٧٨٠٦٨٢
1219.jpg,٩٥٧٠٦٥١٢٣٣١٠٩٣
1220.jpg,٦٦٥٢٧٠٧٥٢٦٧١٢٥
1221.jpg,٨٣٨٥٨٧٤٧٣٩٩٧٩٤
1222.jpg,٥٨٩٢٧٥٧٤٠٣٧٧١٥
1223.jpg,٢٣٨٤٦٥٨٧٧٩٩٥٦٤
1224.jpg,٠٣٠١٩٧٧٩٦٣٢٦٥٤
1225.jpg,٦٥٤٠٤٤٦٣٣٥٩٥٢٠
1226.jpg,٤٤٥٣٦٤٧٤٢١٦٣١١
1227.jpg,٨١٢٧٨٣٠١٠٣٦٧٦٢
1228.jpg,٣٢٦٦٤٠٢٠٩٤٣١٥٢
1229.jpg,٦٥٢١٤٢١٣٧١٤٤٥٧
1230.jpg,٣٥٥٣٩٦٩٨٩٠١٦٧٠
1231.jpg,٤٢٤٧٤٨٧٣٩٨٤٢٨٦
1232.jpg,٦٣٦٤٨٥١٨٠٣٠٩٨٤
1233.jpg,٩٧٨٥٢٠٥٤٢٦٨٩٦٠
1234.jpg,٥٥٣٧٢٨٦٧٣٤٩٧٤٩
1235.jpg,٦١٥٩٥٦٦٣٤٤٠٣٨٥
1236.jpg,٠٠٤٤٣١٨٠١٨٠٩١٥
1237.jpg,٧٣١٥٠١٩٩٠٥٦٧٥٥
1238.jpg,٤٣١١٨١٣٣٣١٩٦٩١
1239.jpg,٩٠٩٥٤٠٣٢٣١٩٢٩١
1240.jpg,١١١٤٨١٦٤٢٧٩٥٧٨
1241.jpg,٣٧٨٠٠١٨٣٣٠٥٥٨٣
1242.jpg,٩٨٣٩٠٨٠٥٥٧٤١١١
1243.jpg,٥٣٤٩٤٢٨٥٧٦٤٢٠٥
1244.jpg,٣٤٦٥٢٩٩٥٤٩٣٥٢٨
1245.jpg,٩٠٤٢٠٤٧٣٦٩٩٤٢٠
1246.jpg,٧٨٨٨٢٢٣٥٥٩١٨٠٤
1247.jpg,٣٣٥٩٨٧٤٣٥٨٤٠١٨
1248.jpg,٠٢٤٣٢٢٤٠٢٣٩٢٢٥
1249.jpg,٧٤٤٥٤٧٨٠١٧٦٢٦٥
1250.jpg,٠٠٥٠٦٢٤٣٣٣٦٦٠٦
1251.jpg,٢٧٥٥٨٨٤٥١٢١٢٩٤
1252.jpg,٢٧٦١٢٣٤٨٦٠٧٨١٦
1253.jpg,١٣٥٦٩١١٨١٠٧٨١٧
1254.jpg,٠٨٣١٦٧٦٥٩٦٥٧٤٥
1255.jpg,٨٠٦٨١٧٧٧٩٤٥٢١٠
1256.jpg,٣٤٦٢٩٤٢٩١٢٧١٣٧
1257.jpg,٢٣٨٤٨٠٤٠٦٠٦١٩٥
1258.jpg,١٦٥٩٢٦٥٠٩٩٣٧١٤
1259.jpg,٠٧١٩٠٣٤٨٢٧٠٣٦٧
1260.jpg,٣٨٦١١٨٨٨٠٩٢٠٨٣
1261.jpg,٧١٣١٤٤٦٠٢٦٠٧٤٧
1262.jpg,٠٨٦١٤٢٣٦٤٦٠٦٩٧
1263.jpg,٧٤٤٥٩١٢١٠٠٥٢٠٦
1264.jpg,٧٢٧٧٩٢٧٤٢٩٣٥٦٠
1265.jpg,٨٠٧٠٦٦٣٩٥٥٩٦٠٣
1266.jpg,٦١٥١٢٦٢٧٧٦٧٣١٣
1267.jpg,٤٠٨٣٣٣٤٦٧٥٧٧١٧
1268.jpg,٧٥٦٢٤٨٣٧٧٢٠٦٩١
1269.jpg,٧٢٩٧٥٧٠١٦٢٩٤٥٦
1270.jpg,٧٧٤٢٩٧٤٠٩١٤١٠٥
1271.jpg,٩٩٧٥٣٥٦٢٤٦٩٥٥٢
1272.jpg,٢٠٠٩٣٥٨٨٩٨٠٦١٥
1273.jpg,٠٨١٦٨٦٧٠٣٧٥٥٩٤
1274.jpg,٠٢٦٢٨٨٥١١٧١٣٢٨
1275.jpg,٠١٠٥٦٦٦٨٨١٢١٥٣
1276.jpg,٨٠٣٢٩٠٤٥٩٥٧٣٥٤
1277.jpg,٩٨٠٢١٢٦٩٥٧٤٣٦٩
1278.jpg,٩٠٥٧٥٣٤٩٩٨٥٨٣٣
1279.jpg,٥٣٤٣٩٨٧٠٠٦٥١١٣
1280.jpg,٦٥٤٨٥٥٤٨١٩٥٩١٣
1281.jpg,٧١٦٢١١٧٧٦٩٢١٨٤
1282.jpg,٢٧١٨٨٨٥٦٩٩٢١٩٤
1283.jpg,٢٨٤١٦٣٥١٢٢٨٠٧١
1284.jpg,٧٠٧٩٨٤٣٧٩٣٢٩٢٠
1285.jpg,١١٢٦٥٩٢٦٧٣٨٦٣٣
1286.jpg,٩٥٠٠٨٣٩٧٢٤٦٤٢٦
1287.jpg,١١٨٣٦٦١٦٢٨٥٦٩٧
1288.jpg,١٤٢٢٧٨٨٣٦١٢١١٧
1289.jpg,٠٩٠٣٣٧٦٣١٣٧٧٤٧
1290.jpg,٥٣٢٠٤٨٥٢٨٣٦٣٧٦
1291.jpg,٨٢٥٨٠٣١٩٩٤٧٥٧٧
1292.jpg,٩٢٢١٤٤٤٦٦٦٥١٨٧
1293.jpg,٨٨٤٠٩٩٨٥٣٦١٦١١
1294.jpg,٤٧٣١٤٨٨٢٨٦٣٧١٩
1295.jpg,٦٧٣٥٧٤٥٧٦٩٩٢٦٥
1296.jpg,٢٤٧١٧٧٠٠١٠٠٠٥٦
1297.jpg,٣٦١٣٦٢٠٦٥٨٠٦٩٣
1298.jpg,٣٢٩٤٨٠٧٧١٥٦٤٤٦
1299.jpg,٢٥٢١٦٣١٠٥١٦١٩٥
1300.jpg,١٥١٥٢٩٥٩٨٤٨٥١٩
1301.jpg,١٩١٥٦٩٢١٦٤٧٦٥٩
1302.jpg,٢١٤٩٠٨٧٢٣٤٣٥٨٣
1303.jpg,٣٠٣٣٧٦٩٩٨٦٥٢٩٩
1304.jpg,٦٤٢١٦٤٩٢٤٧٩١٢٢
1305.jpg,٩٤٧٠٢١٩٤٦٠٠٨٢٩
1306.jpg,٤٦٩٨٥٤٨٦٩١٥٩٥٠
1307.jpg,٠٣٦٤١٩٢٩٣٦١٦٦٤
1308.jpg,٥٦٧١٦٢٧٠٩٥٠٠٠٩
1309.jpg,٨٠٧٠٣٦٦١٣٧٤٨٨٧
1310.jpg,١٩٤٣٢٧٦٠٨٢٩٩٦٨
1311.jpg,٨٧٣٩١٩٣٧٩٤٩٢٨٧
1312.jpg,١٩٤٧٣٤٣٤٥٠٢٩٨٩
1313.jpg,٦٤٣٦٤٥٧٦٥٣٧٦٤٥
1314.jpg,١٨٠٨١٠٤٤١٧١٥٧٤
1315.jpg,٠٥٩١٧٦٣٥٠٩٧٦٦١
1316.jpg,٩٨٢٩١٨٧٨٣١٦٦٨٣
1317.jpg,٥٠٨٣٢٠٣٨١٢٣٩٣١
1318.jpg,٥٥٩٣٧٨٠٩٦٢٣٤٣٨
1319.jpg,٢١٧٢٨٠٣٨٥٤٩٧٢٠
1320.jpg,١٦٩٣٧٧٢٠٥٣١٤٦٢
1321.jpg,٤٤٨٤٤٦٩٤٣٨١٩٠٢
1322.jpg,٣٦٦١٢٩٠١٣٢٣٤٦٥
1323.jpg,٩٢٢٠٨٨٤٠٢٦٤٧٨٥
1324.jpg,٩٤٢١٠٦٥٤٨٦٩٧٥٦
1325.jpg,٥٤٢٨٧٤٧٨٢٦٧٢٥٤
1326.jpg,٨٩٥٠٦٥١٢١٢٥٧٤٧
1327.jpg,٧٦٥٤٢٠٢٩٣١٤٧٨٩
1328.jpg,٤٨٦١٧٥٩٨٥٧٥٠٢٩
1329.jpg,٩٣٥٣٩٨٠٤٣٧١٦٣٥
1330.jpg,٨٠٢٨٩٣٠١١٦٩٢٦١
1331.jpg,٢٠٦٤٠٢٧٣٨٥٠٥٠٧
1332.jpg,٩٦٢١٥٠٤٩٤٦٣٧٧١
1333.jpg,٠٧٤٨٥٤٥٤١٣٦٤٦٨
1334.jpg,٩٣١٩٢٠٨٦٨٢٣٦٧٥
1335.jpg,٨٦٩٦١٦١٣١٩٥٣٨٨
1336.jpg,٢٩٤٧٠٥٧٣٣٤٢٤٨٧
1337.jpg,٧٣٢٢٤٢٧٤٨٦٦٠١٤
1338.jpg,٧٢٠١٠٧١٦٠٩٦٩٤٢
1339.jpg,٠٤٦٤٠٦٤٢٥١٦٠٧٩
1340.jpg,٢٠٠٢٣٥٢٩٩٣٥٨٧٨
1341.jpg,٩٨٦٦٠٩١٠٠٨١١٦٠
1342.jpg,٥٥٦٩١٣٥٤٥٣٥٩٩٣
1343.jpg,٤٠٩٥١١٨٣٢٩٦١٨٥
1344.jpg,٣٤٧٤٢٠٣٣٥٣٩٨٨٠
1345.jpg,٨٦٤٠٥٦٦٥٥٧٢٢١٥
1346.jpg,٣١٢٤٣٠٩٨٤٤٠٨٦٥
1347.jpg,٤١٠٩٩١٢٩٦٠٤٥٣٩
1348.jpg,٨٤٢٧٩٧٠٥٥٨٠١١٢
1349.jpg,٧٧٦٣٦٩٥٨٠٥٤٦٩٤
1350.jpg,٦١١٩٣٩٧٤٤٠٤٦٠٤
1351.jpg,٨٤٨٩٢٢١٥٧٤٠٢٧٠
1352.jpg,٧٢٠٤١٢٥٥٠٦٩٧١٠
1353.jpg,٨٠٨٧٨٨٢٧٩٦٨٤٢٣
1354.jpg,٢٠٧٤١٦٠٥٢٩٢٥٥٦
1355.jpg,٥٢١٢١٢٠٧٠٧٧٠٦٦
1356.jpg,٥٤٩٤٧٠٤٣٤٧٤١٥٦
1357.jpg,٧٤٣٩٠٢٨١١٥٧٦٥٢
1358.jpg,٤٠٤٧١٢٢٨١٥٧٠٠٧
1359.jpg,٤١٧٠٤٧١٨٨٦٦٧٥٧
1360.jpg,١٩٨٦٨٤٠٧٧٣٢١١٤
1361.jpg,٨١٤٨١٢٧٧٩٢٧٤٥٨
1362.jpg,٨٧٥٢٤٣١٣٨٣٨٠٢٩
1363.jpg,٧٤١٩٦٦٢٤٨٦١٢٤٦
1364.jpg,٦٢٣٧٧٣٢٣٤٢٩٤٠٥
1365.jpg,٤٥٦٢٨٢٩٩٢٧٩٠٢٧
1366.jpg,٤١٤٩٤٥٩٤٥٨٥٨٨٤
1367.jpg,٣٣٣٦٠٢٧٣٦٦٥٥٣٧
1368.jpg,٨٢٦٣٨٢٢٧٥٢٣١٠٣
1369.jpg,٧٨٨٦٢٩٢٩٠١٩٥٩٢
1370.jpg,٩٤٧٧٠٤٠٣٦٦٣٠٠٨
1371.jpg,٢٩٥٠٦٠٩٧٩٩٨٥٣٨
1372.jpg,٨٤٧١٣٥٨٨٩٣٠٩١٢
1373.jpg,٠٤٩٥٦٦٩٧٧٧٣٢١٠
1374.jpg,١٣٣٤٤٩٧٨٣١١٨٨٤
1375.jpg,٦٠٣١٩٨٩٣٢٢١٠٥٥
1376.jpg,٤٣٧٢٦٦١٧٤١٩٣٨٧
1377.jpg,١١٦٢٠٦١٢٩٤٩٩٠٢
1378.jpg,٧٣٦٩٠٦٩١٦٩٢٢٠٦
1379.jpg,٢٨٧٥٦٧٠٠٧٤١٠٢٢
1380.jpg,٧٣٦٣٤٨٩٢١١٢٤٨٦
1381.jpg,٤١٠٥٧٩٦٧٣٣٢٠٦٧
1382.jpg,٨٤٤٨٢٩٦١٧٠٧٣٦٦
1383.jpg,٧١٤٥٢٢٠٥٧٣٠١٩٢
1384.jpg,٦٣٨٢٢٤٢٠٧٤٩٤١٧
1385.jpg,٥٩٩٤١٤٥٦٠٨٤١٤٩
1386.jpg,٠٥٢١٥٤٩٣٠٣١٠٣٥
1387.jpg,٢٧٦٦٢٧٦٧٦٠٤٧٧٥
1388.jpg,٩٠٧٣٠٨٤٥٠٤٠٠٨٢
1389.jpg,٤٧١٥٤٩٥٩٦٥٦٧٧٦
1390.jpg,٩٩٦٤٨٠٥٣٣٢٦١٧٥
1391.jpg,١١٣٩٠٨٣٧١٠٩٤٣٤
1392.jpg,٠٤٩٤٧٣٤٤٣٨٠٠٨٧
1393.jpg,٨٧٨٠٨٩٥٣٧٠٩٦٢٨
1394.jpg,١٢٠٥٨٠٠٩٨١٢٦٤٧
1395.jpg,١٣٣٥٧٥٥٧١١٠٧٢١
1396.jpg,١٣٥٦٣١٨٦٤٥٩٣٦٧
1397.jpg,٦٢١٦٦٢٠٠١٢٤٧٤٠
1398.jpg,١٧١٤٢٠٤٠١٥٠٨١٩
1399.jpg,٦٣٧٣٢٢٥٢١١١٣٧٧
1400.jpg,٧٨٩٠٩٠٨٢٢٧٤٣٢٦
1401.jpg,٦٣٥١٤٩٦٥٨٠٣٥٣٥
1402.jpg,٩٣٦٩٥٩٦٨٤٥٦٤١٩
1403.jpg,١٩٣٠٢٤٩٨٨٩٩٤٢٩
1404.jpg,٢٢٣٠٧٥٥١٠٨٠٦٩٢
1405.jpg,٥٠٥٧٥١٢٤٣٤٤٣٧٠
1406.jpg,٧١٤٢١٠٨٢٣٦٩١٧٤
1407.jpg,٩٠٣٦٥١٦٤٨٤٩٤٨٧
1408.jpg,٨٤٤٦٠٩٧٨٥٠٨١٢٧
1409.jpg,٩٢٤١١٠٦٣٣٩٣٩٦٩
1410.jpg,٢٠٣٠٣٩٤٣٥٣٦٤٦١
1411.jpg,١٣١٤٧٧٨٧٤٣٩٠٤٣
1412.jpg,٩٠٥٩٨٧٨٨١٣٩١٠٤
1413.jpg,٢١٦٩٥٨٢٥٧١١٧٩٩
1414.jpg,٦٢٠٦٢٩١١٥٥٧٤٨٧
1415.jpg,٥٢٠٢٦٠٩٥٠٢٩٨٤٨
1416.jpg,١٦٨٦٩٢٢٧٦١٥٣٢٠
1417.jpg,٩٢٨٦٣٥٣١١٤٢٢١٦
1418.jpg,٨٧٤٩٤٧١٧٩٣٩٠٣٨
1419.jpg,٣٩١٢٧٨٥٧٧١٠٣١٧
1420.jpg,٣١٧١٧٢٨٤٢٣٤٦٦٩
1421.jpg,٥٢٦١٩١٦٨٩٨٣٢٦٠
1422.jpg,١٩٤٠٧٩٤٣٨٦٦٤٤٥
1423.jpg,٤٩٥٨٢٩٦٤٨٢٨١٩٩
1424.jpg,٥٠٥٩٥٣٩٤٥٧٤٦٧٨
1425.jpg,٨٤٧٣٢٠٩٨٦٨١٩٦٦
1426.jpg,٩٦٦٠١٧٢٦٩٢٠٤٨٥
1427.jpg,٣٩٩٥٠٠٧٨٠٦٤٥٧٧
1428.jpg,٨١٧٧٩٨٩٥٦٩٤١٣٠
1429.jpg,٥٥١٩٥٦٥٥١٢٠٦٠٩
1430.jpg,٦٤٢٠٥٧٦١٧٧٣٩٤٧
1431.jpg,٥٠٢٠٤٥٣٠٨٣٩٠٤٥
1432.jpg,١٨٦٨٨٧٩٤٢٦٦٧٩٦
1433.jpg,٨١٦٧٨٧٥٣٠٨٧٤٨٧
1434.jpg,٦٥٤١٦٤٩٢٧٧٥٢٧٦
1435.jpg,٠٤١٦٨٠٢٩٣٢٦٣٣٠
1436.jpg,٧٧٨٠٨٤٥٤٠٨١٨١٤
1437.jpg,٤٥٢١٤٢٣٣٦٥٠٩٨٩
1438.jpg,٥٥٣٩٤٤٤١٣٧٩٨٩١
1439.jpg,٨١٦٧٥١٤٠٠٥٠٦٠٦
1440.jpg,٢٦٥٤٨٣٩٤١٩٨٤٦٤
1441.jpg,٠٢٠٢٧٣٩٧٥٠٩١٢٧
1442.jpg,٣٦٨٦٩٨٧٨٩٦٦٦٤٠
1443.jpg,٩٩٥٣٤٧٢٣٧٦١٥٢٩
1444.jpg,١٥٦٠٢٩٦٥٤٨٣٦٤٤
1445.jpg,٣٢٩٧٥٨٦١٨٦٠٧٦٩
1446.jpg,٩٢١٧٠٠٨١٥٨٨٩٣٥
1447.jpg,٤٣٨١٥٥٣٨٤٠٧٥١٠
1448.jpg,٨٣٩٠٩٣٥١٨٢٤٨٢١
1449.jpg,٠٠٤٨١١١١٥٥٥١٨٣
1450.jpg,٨٥٢٥٣٧٢٣٩٨٩٨٨٦
1451.jpg,٧١٤٠٦٩٠٨٤٣٧٣٦٥
1452.jpg,٠٧٨٦١٦٧٢٩٠٥٦١١
1453.jpg,٠١٠٢٤٨٧٥٧٨٤٨٢٠
1454.jpg,٠٤٢٠٩٨٥٥٠٩١٢٠٦
1455.jpg,٧٣٢٠٨٦٨٢٦٦٨٧٦٧
1456.jpg,٦٥٦٨٩٣١٥٧٠٤٢٢٨
1457.jpg,١٥٥٣٩٩٤٣٣٨٧١٠٢
1458.jpg,١٩٣٣٤١٠٨٤٠٧٦٢٧
1459.jpg,٨٥٣٤٠٦٠٩٣٢٩٢٣٥
1460.jpg,٠١٩٩١٧٨٠٦٨٠٤٣٨
1461.jpg,٥٤٦٧٣٦١٧٠٦٨٢٠٢
1462.jpg,٦٣٠٣٤٨٧٦٨٤٢٢٦٢
1463.jpg,٧٢٩٨٣٦٤٠٣١٩٢١٨
1464.jpg,٦٨٥٩٢٨٨١٤٢٦١٢٥
1465.jpg,٠٢٩٢١٥٦٢٩٠٤٩٢٦
1466.jpg,٠١٧٣٤٠٣٦٠٩٤٨٢٦
1467.jpg,٤٣٠٥٤٥٠٣٥٦٧٥١١
1468.jpg,٧٧٩٠٨٩٦٧٩٤٧٢٧٧
1469.jpg,٣٣٤٨١٩٢١١١٦٠٠٧
1470.jpg,٤٠٠٩٩٠٩٠٣٠٩٨٠٥
1471.jpg,٩٦٤٠٣٣٦٩٧٠١٩٦٥
1472.jpg,٩٩١٨٨٠٥٥٠٤٥٩٧١
1473.jpg,٣٩٩٤٦٣٤٧٣٨٤٩٠٩
1474.jpg,٨٧٦٧١٣٤٨٤٦٠٥٧٣
1475.jpg,٨٧٢٢٨٠٨٩٥٥١١٧٤
1476.jpg,٦٤٩٢٢٦٢٩٣٢٨٧٣٣
1477.jpg,٥٦٨٠٥٣٤٣٧٠٤٠٦٩
1478.jpg,٩٨٧٩٠٤٩٢٧٣٧٢٠١
1479.jpg,٦٣٨٦٤٠٢١٤٦١٣٠٠
1480.jpg,٧٩٩٧٨٣٨٤٣٣٦١٦٩
1481.jpg,٧٠٢٧٦٨٢٢٤٨٤٧١٢
1482.jpg,٥٣٨٥٦٠٤٤٢٩٥٥٩١
1483.jpg,٢٨٧٣٩٩٢٢٢٦٢٢٤٤
1484.jpg,٧١٣٧٠١٢٦٨٨٩٩٨٨
1485.jpg,٥٦٨٤١٧٦٦٧٩٩٤٤٤
1486.jpg,٢٠٢٧٤٧٨٦٦٢٥٢٦٧
1487.jpg,٥٠٤٤٢٧٢٥٧٤٢١٨١
1488.jpg,٠٣٨٤٢٩٧٩٢١٢٣٥٩
1489.jpg,٨٥٢٣٤٢٨٦٥٨٥١٧٢
1490.jpg,٧٦٤٨٤٣٨٠١٨٩٦٥٥
1491.jpg,٦٩٣٩٤٧١٧١٠١٦٥٨
1492.jpg,٥٤٠٩١٥٤٤٧٨٧٤٤٢
1493.jpg,٤٥٣٩٠٩٢٤٥٥٠٩٩١
1494.jpg,٧٧٢١٥٩٠١٣٧٥٥٩١
1495.jpg,٦٤٢٥٠٢٣٥٧٦٨٠٢٦
1496.jpg,٩٣١١٧٤٩٤٥٧٣٤٨٨
1497.jpg,٥٧٧٣٥٩٤٩٧٦٠٥٢٢
1498.jpg,٨٢٠١٧٢٤٠٦٢٢٥٩١
1499.jpg,٣٥٢٦٣٠٩٨٤٤٣١٠٤
1500.jpg,٨٩٣٦٦٤١٣٠٨١٠٦٩
1501.jpg,٤٣٢٣٤٥٨٣٤٢٧٩٠٧
1502.jpg,٠٥١٩٩٨٦٩٩١٢٤٩١
1503.jpg,٢٠٢٦٤٤١٥٧٦٠٨٦٩
1504.jpg,٢٩٨٨٧٨١٦٨٠٢٠٩٣
1505.jpg,٩٠٨٢٠٣٨٧٩٨٥٤٨٧
1506.jpg,٤٦٣٥٧٢٩٦٧٢٦٣١٥
1507.jpg,٩٧٨٠٦٢٥٤٠٠٧٦٨٠
1508.jpg,٦٠٥٦٧٥٦٦٦٠٥٢٥٩
1509.jpg,٧٠٤٣٤٢٣٥٠٢٧٣٠٥
1510.jpg,٨٢٨٢٤٤١٧٢١٦٨٦١
1511.jpg,١٨٧٧٤٦٤٤٠٥٢٤٦٨
1512.jpg,٩٠٩٥٨٧٤٢٧٨٥٦٤٩
1513.jpg,٥١٩٧٥١٤٢١٠٤٢٧٩
1514.jpg,٠٧١٥٠٤١٠٨٦٦٨٣٦
1515.jpg,٠٣٩٧٦١٧٧٦٦٣٣٨٠
1516.jpg,١٨٨٧٦٥٣٣٥٤١٨٤٨
1517.jpg,٣٧٦٥٢٢٦٨٧٣٦٤٨٥
1518.jpg,٠٨١٤١٨٢٤٩١٩٨٦٢
1519.jpg,٥٦٥٧٦٠٠٧٩٦٣٥٠٢
1520.jpg,٦٦٢٦٣٣٨٩٩٩٩٥٦٧
1521.jpg,٩٣٨٠٥٤٣٨٤٩١٦٠٠
1522.jpg,٩٣١٤٤٢٢٠٩٢٥٨٤٧
1523.jpg,٧٧٠٣١١٤٩٧٧٥٤٧٣
1524.jpg,١٢٥٣٨٠٢٢٣١٨٤٠٧
1525.jpg,٢٥٦١٦٢٨٢٩٥٦٩١٤
1526.jpg,١٧٥٠٩٠٦٣٤٨٩٧٣٦
1527.jpg,١٨٦١١٩٦٩٠٤٦٠٤٠
1528.jpg,٨٥٧١٩٠١٢٣٢٤٢٥٨
1529.jpg,٦٣٣٧٥٠٣٦٢٩١٥٥٣
1530.jpg,٢٤٠٧٠٤٦٥٢٤٩٢١٢
1531.jpg,٢٦٥٤٥١١٠٣٨٠١٢٩
1532.jpg,٧٥٦٦٢٨٩٢٠٧٣٤٦٢
1533.jpg,٦٥٣١٤٦٧٨٠٦٩٨٧٢
1534.jpg,٠٥٢١٥٧٠٠١٦٣٩١٧
1535.jpg,٥٩٧٥٠٧٧١٤٨٧٨٤٩
1536.jpg,٩٣٥٢١٨٣٥٢٣٠٩٧٤
1537.jpg,٠١٢٩١٨٢٥٣٦٢٦١١
1538.jpg,٢١٠١٦٦٩٢٥٣٦٣٦٦
1539.jpg,٩١٢٩٣٢٧٢٢٨٣٤٤٩
1540.jpg,٢٠٤٢١٠٨٠٢٦٨٣٤٢
1541.jpg,٤٣٥٩١٦٦٨٠٨٣٠٣٦
1542.jpg,١٢٩٦٨٥٧٧٥٨٦٧٧٣
1543.jpg,٠٣٣٩٠٨١٧٠٧٩٧٢٧
1544.jpg,٨٢٤٨٢١٩٨٧٦٤٩٥٧
1545.jpg,٧٥١٣٥٦٦٠٥٦٠٧٣١
1546.jpg,١٠٦٢٦٣١٢٧٢٣٨٥٩
1547.jpg,٥٤٢٧٦١٧٦٧٢٣١٧٣
1548.jpg,٨٩٧٣١٨٦٧٠٩٥٥٥٩
1549.jpg,٩٧٦٧٢٠٨٧٨٢٣٥٩٠
1550.jpg,٥٠٥٤١١٤٢٦٠٠٥٠٧
1551.jpg,٦٦٣٨٦٦٤٩٨٥٨٨٥٣
1552.jpg,١٦٤٨٥٦٩٨٠٠٩٦٨٤
1553.jpg,٤٩٧٧٥١٢٩١٦٣١٠٦
1554.jpg,٤٨٣١٠٩٠٩٥٩١٩٩٠
1555.jpg,٠٤٦٥٧٦١٤٥٩٨١٧٥
1556.jpg,٤٢٩٦٨٨١٨٢٢٦٥٧٣
1557.jpg,٠٩٦٠٧٠٤٦٦١٤١٢٧
1558.jpg,٦٥٤١٠٣٧٥٤٣٣٧٤٧
1559.jpg,٠٥٠١٩٣٣٥٩٩٩٨٥٨
1560.jpg,٨٩٣٩٢٢١٩٥٤٤٨٩٤
1561.jpg,٨٢١١٥٨٨٣٦٧٣٩٥٦
1562.jpg,٣٣٠٢٩٧٠٨٨٣٧٥٣١
1563.jpg,٣٨٧١١٩١١١٣٨٣٠١
1564.jpg,٦٨٥٣٧٤٣٨٩٤٤٢٨٣
1565.jpg,٢٩٨٤٣٠١٨٤٩٠٣٤٣
1566.jpg,٧٧٩٧٣٤٢٨١٢٩٠٦٣
1567.jpg,٦٧٠٢٢٠٦٥٨٤١١٥٣
1568.jpg,٢٦٥٩٦٥٣٨٩٠٤١٦٤
1569.jpg,٧١٩١٢٠٧٩٤٥٦٠١١
1570.jpg,٧٥٦٤٩٦٠٦٣٤٦٥٣٣
1571.jpg,٧٣٨٧٦٠٠٣٨٩٣٧٥٧
1572.jpg,٧٢٦٨٠٦٨٨٣١١٧٥١
1573.jpg,٢٦٦٥٣٠٢٢٣٧٨١٣٥
1574.jpg,٢٧٣٠٥٨٦٥٩١١٨٧٤
1575.jpg,٧٤٣٠٧٣٢٠٦٨٩٥٥٢
1576.jpg,٢٣٥٨٦٦٢٩١٢٦٣٢٤
1577.jpg,٠٩٢٦٧٧٨٩٥٠٨٦٦٧
1578.jpg,٦٠٧٥٩٨٧٣١٩٢٥١١
1579.jpg,٧٦٩٦٦٦٣٩٣٤١٠٧٣
1580.jpg,٣١٢٣٥٠٧٥٣٩٤٦١٦
1581.jpg,٣٠٨٠٨٦٤٨٣٦٠٤٥١
1582.jpg,١٤٧٦٧٥٦٧٧٨١٩٨٣
1583.jpg,٠٠٠٣٠٣٦٧٣٠٩٦٢٠
1584.jpg,٢٤٠٨٥٢٥٩٢٠٩٣٦٣
1585.jpg,٠٩٩٦٢٥٨٠٩٢٠٢٥٦
1586.jpg,٨٢٣١٦٦٦١٨٠٧٨٣٢
1587.jpg,٨٥٧٣٠٣٠٩٠٧٨٩١٧
1588.jpg,٣٩٢٧٩٩١٣٣٧٢٩٧٤
1589.jpg,٥٣٤٥١٣٢٩٨٨٧٨٣٦
1590.jpg,٩٣٠٦٨٤٧٣٧٦٩٩٦٧
1591.jpg,٢٠٣٦٧٤٤٤٤٠٦٣٢٥
1592.jpg,٦٨٤٧٥٨١٣٨٢٠١٣٢
1593.jpg,٤٣٨٨٥٨٧٦١٦٧٠٢٤
1594.jpg,٣٩٠٥٥٢٣٠٦٨٧٩٥٤
1595.jpg,١١٤٥٧١٩٤٥٣٢٨٨٢
1596.jpg,٦٥٨٩٦٦٨٥٠٧٤٩٠٥
1597.jpg,١٣٦٦٦٠٥٢١٨٢٣٦٣
1598.jpg,٦١٨٦٦٧٠٩٠٥٠١٨٣
1599.jpg,٠٥٥٠٣٠٢٠٣٧٣٠١٧
1600.jpg,١٨٠٨٢٢٢٠٢١٩٦٨٩
1601.jpg,٥٤٧٧١٢٤٦٩٠٠٠٢٧
1602.jpg,٥١٢٦٩٣٨٧٩٢٧٥٢٦
1603.jpg,٤٠٧٩٧٢٩٤١١٥٣٣١
1604.jpg,٥١٤٥٧٦٨٧٠٠٠٥٧٥
1605.jpg,٢١٦٠٠٨١٥٠٨٧٧٨٦
1606.jpg,٨٥٤٠٠٨٥٢٤٧٢٣٤٥
1607.jpg,٨٣٢٣٠٤٥٠٦٣٩٧٩٠
1608.jpg,٩٨٢٢٧١٥٧٤٣٨٧٤٧
1609.jpg,٩٠٦٦٢٠٤٧١٨٨٥٥١
1610.jpg,٦٧٧٦٧٠٦١١٥٣٦٩٨
1611.jpg,٠٤٩٩١٩٧٢٠٣٤٧٥٦
1612.jpg,١٦٥٨٠١٣٧٧٣١١٠٤
1613.jpg,٦٠١٣٦٦٣٩٣٣٠٠٤٥
1614.jpg,٠٩٧١٥٩٢٨٤٣٩٧٦٤
1615.jpg,٤٨٥١٨٠٧٨٨٧٧٣٣٤
1616.jpg,٨٠٩٤٢٦٤٩١٥٨٢٠٨
1617.jpg,٧١٢١٣٥٢٠٢٠٦٢١٤
1618.jpg,٥٢١٥٥٧٤٣٠٣٨٥٩١
1619.jpg,١٤٥٨٩٤٩٤٥٢٠٢٤٨
1620.jpg,٢٩٤٢٧٧٧٣٠٢٢١٨٨
1621.jpg,٨٦٩٩٧٨٤١٤٣٠٥٩٩
1622.jpg,٨١٨٩٤٤٣٧٢٤٤١٠٥
1623.jpg,١٤٣٠٣٠٤٢١١٧٨٠٠
1624.jpg,٠٢٣٦٦٧٧٤٢٧٤٩٢١
1625.jpg,٩٥٠٠٥٩١٠٣٠٠٧٠٧
1626.jpg,٢٤٠٢٨٥٧٢٤٣٧٠٦٠
1627.jpg,٣٧٠٢٠٥٠١٩٨١٣١٢
1628.jpg,٩٥٧٨٦٩٩٩٢١٧١٧٢
1629.jpg,١٧١٥٥٧٢٩٦٤٨٧٩٥
1630.jpg,٤٩٦٥٤٠٤٩٦٣٤٧٤٢
1631.jpg,٩٦٤٦٩١٩٧٧٥٧٦٨٤
1632.jpg,٦٨٥٩٣٤٨٧٣٨٨٠١٨
1633.jpg,٤٨٨٣٩٤٢٢٢٩٧٣٧٥
1634.jpg,٦١٦٢٢٢٨٥٤٤٥٦٩٢
1635.jpg,١١٩٦٩٦١٠٦١٠٢٩٢
1636.jpg,٦٨٦٥٤٨٩٦٢٥٦٤٨٤
1637.jpg,١١٦٩٤٠١٢٨٢٦٥٥٦
1638.jpg,٨٨٣٦٨٠٩٦٨٧٥٢٤٢
1639.jpg,٧٢٤٩٥٣٨٥٨٥١٤١٠
1640.jpg,٩٨٢٣٩١٢٩٢٧٤٢٧٦
1641.jpg,٠٧٤٢٢٨٩٣٠٤١٦٤٨
1642.jpg,٢٨٤٢٠٥٥٠٨١٢٤٨٢
1643.jpg,٥٢٨٦٧٣٤٨٩٥١٦٣١
1644.jpg,١٦٠١١٠٩٩٩٩٥٨٢٠
1645.jpg,٨٦٣٨٥٢٤١٥٣٧٣٩٩
1646.jpg,٦٣٤٣٣٣٩٤٠٥٧٤٧٩
1647.jpg,١٨٣٣٩٠٧٨٣٠٢٤٠٨
1648.jpg,٣٦٥٠١٦١٥٩٨٠٦٤٦
1649.jpg,١٦٣٠١٣٢٢٢٠٣٨٣٧
1650.jpg,٩٧٩٠٤١٩٩٤٩٣١٨٠
1651.jpg,٩٦٠٣٩٥١٢٦٩١٩٨٥
1652.jpg,٦٩٧٢٦٧٤٦٤٤٤٧٤٥
1653.jpg,١٠٢٦٧٩٢٦٧٥٦٢٣٥
1654.jpg,٨٢٩٦٨٨١٢٢١٣٦٦٥
1655.jpg,٤٧٦٢٥٣٦٠٨٤٧٥٣٨
1656.jpg,٧٠٥٤١٤٠٣٥٩٤٥٩٠
1657.jpg,٥٨٧٨٤٦٥١٣٧٨٩٥١
1658.jpg,٧١٧٢٦٥٧٢١٢٧٣٠٦
1659.jpg,٣٥١٨٩٧٣٩٤٨٩٦٠٨
1660.jpg,٦١٤٦٦٠٤١٢٠٨٩٦٠
1661.jpg,٤٤٢٣٠٧٠٤٠٨٧٨٥٤
1662.jpg,٦٥٠١٢٥٥٣٠٧٦٢٤٢
1663.jpg,٩٤٨٤٥٢١٦٣٢٤٩١٠
1664.jpg,٣٠٥٦٤٩٩٠٠٥٤٧٣٠
1665.jpg,٨٣١٤٤٧٩٥٦٨٤٣٩٧
1666.jpg,٧٧٨٤٨٠١٩١١٤٠٢٢
1667.jpg,٠٧٧٨٢٨٨٠١٠١٠٠٦
1668.jpg,٩٣٨٦١٥٦٣٩٠٥٨٩١
1669.jpg,٧١٧٠١٧٨٧٨٥٧٧٨٧
1670.jpg,٠٩١٥٨٠١٤٥٩٦٣٠٠
1671.jpg,٠٦٢٦٥٢٩٠٨٨٠٩٥٧
1672.jpg,١٥٩٧٥٥٦٢٥٥١٥٥٤
1673.jpg,٥١٧٠٠٦٤٧٧٩٢٥٠٧
1674.jpg,٧٤٨٠٨١٥٤٤٢٤٠٩٨
1675.jpg,٦١١٨٢٨٢١٧٢٠١٨٦
1676.jpg,٤٠٣٥٢٨٦٨٥١١١٢٨
1677.jpg,٦٨٨٤١٧٩٥٢٩٣٢٧٩
1678.jpg,٦٧٧٣٤٨٣٩٧٢٣٧٩٨
1679.jpg,٦٠١٧٨٨٧٨٤٩٤٧١٥
1680.jpg,٧٨٠٦٤٨٥٩١٦٦٠٨٢
1681.jpg,٢٥٩٩٦٤٨٧٨٢٧٩٧٧
1682.jpg,٧٢٠٧٤٠٥١٧٩١٩٨٩
1683.jpg,٨٣٧٨٢٦٦٧٦٦٨٦٧٥
1684.jpg,٣٧٦٦٧٠٧٢١١٩٧٢١
1685.jpg,٥٩٦٣١٢٥٠٦٩٦٨٤٢
1686.jpg,٥٤٥٧٧٠٧٢٤٥٦٤٩٣
1687.jpg,١٦٤٥٨٠٤٨٦٨٠٣٧٩
1688.jpg,٥٢٦٧٤٣٠٨٣٧١٥٢٣
1689.jpg,٢٤٧٩٣٤٢٧٧٠٣٨٧٩
1690.jpg,٨١٥٤٤٦٧٨٦٤٠٠٣٤
1691.jpg,٦٤٤٤١٤٨٩٢٥٤٤١٨
1692.jpg,٨٢٨٤٣٨٩٣٣٨٠٧٧٤
1693.jpg,٢١٦٣٤٢٩٨٢٠٢٥٧٥
1694.jpg,٧١٩٠٨٨١٠٥٨٦٠٥٣
1695.jpg,٩١٤٢٠٥١٠٤٦٩٢٠٨
1696.jpg,٢٤٤٠٠٧٨٨٣٤١٠٦٨
1697.jpg,٤٣٧٠٨٦٤٠٢٧٢٩٦٩
1698.jpg,٧٧٧٦٧٠٨٥٦٩٨٨١٦
1699.jpg,٠٢٣٧٠٤٢٤٠٦٢٣٢٨
