filename,words
0.jpg,٣٠١٠٠١٣٧٠٢٧٢٨٢
1.jpg,٠٢٣٢٢٣١١٣٣٩٢٢٢
2.jpg,٣٠٢٠١٠١٣٦٦٤٤٣٢
3.jpg,٠٢٧٧١٠٠٢٠١٣٠٣١
4.jpg,٢٠٦١١٣١٢٢١٠٢٠٧
5.jpg,١٤٠٢٢١٠٢١٣٠٣٤٢
6.jpg,٢١١٣٤٣١٠١٠٢٢١٢
7.jpg,٢٨٠٣٣٣٢٣٣٢٤١٠٤
8.jpg,١٣٣٩٢١٨٩٢٥٤٢١٧
9.jpg,٣٠١٦٢٣٢٥٣١٢٧٥٧
10.jpg,٠٠٣٣٣٢٣١٠١٣٢٠٦
11.jpg,٠٦٠٢٢٦٠٢٨٢٠٣١٩
12.jpg,٦٠٠٥٩١٠٢٢٢٠١٦٠
13.jpg,٢٢٢١٣٠٦٢٣٦٦٢١٢
14.jpg,٥٢٥٧٨٣٢٠٠٢٧١٣٥
15.jpg,٣٦٦٩١٣٩١٠٠٣١٨٧
16.jpg,٦٢٤٠٨٣٧٢٠٣٨٥٠٢
17.jpg,٧٣٣١٣٧٧٣٣٤٢١٢٣
18.jpg,٧٠٢١٣٢٢١٧٢٠٣٠٢
19.jpg,١٢١٠٧٠٣٠٣٠٠١٣١
20.jpg,٧٢٠٢٣٢٢٠٥٢١٢١١
21.jpg,٢١٣٦٣٢٢١٢٨٣٩٢٧
22.jpg,١١٥٤٢٦٥٣٠٤٤٢٠٣
23.jpg,١٩١٠٣٣٨٣٦١٢٣٣١
24.jpg,٧٦٠٢٦٢٣٨١٧٢٣٢١
25.jpg,٠٢١٠٣٦٢٠١٦٢٢٣٠
26.jpg,٠٣٢١٩٢٢٥١٦٩٨١٣
27.jpg,٨١٢١١٣٠٣٠٣٥١٨٠
28.jpg,٠٠١٣٢١٣٢٣١٥١٣١
29.jpg,٥١٥٢٩٣٢٨٨٧٢١١٣
30.jpg,١٤٠٣٢٢٠٥١٣٩٠٧٨
31.jpg,١١٣٣٢٢١٨٣٢٠٩٣٠
32.jpg,٦٢١٩٩٢٠١٥٣٢٦٠٥
33.jpg,٩٠٠٦٢٢١١٨٣٠٤٥٢
34.jpg,١٣٢١٢٠١٨٢١١٣٢٤
35.jpg,٢٩١٠١٢٧٢١٧١٣٣٣
36.jpg,٢١٦٢٣٣٠٠٩٤٣٢٤٠
37.jpg,٠٣٢٣٠٨٥٢٣١٠١٢١
38.jpg,٣٤٣١٢٣٤٣٣٣١٦١٥
39.jpg,٢٠٣٢١٤٢٩٣٢١٠٣٣
40.jpg,٣٩١١٩٦٠٣٠٢٣٤١٣
41.jpg,٠١٢٠٨٠٤٤١٧٣١٣٨
42.jpg,٥١٣٥٦١٠٧٠٦١٣٠٣
43.jpg,٦٣٨١٣٣٠٣٠٤١١٠٠
44.jpg,١٠٢٣٠٢١٤٩٩٣٩٣٠
45.jpg,٧٢٣٧٢٧٢٣٦٢٢٤٥٠
46.jpg,١١١٢١٤١٠٣٣٠٢١٢
47.jpg,٥٧١١٦٤٢٣٨٣٠٢٨٣
48.jpg,٤٦٢٥٤٣٠٣٦٩٠٢٠٦
49.jpg,٠٨٠٥٠٣٧٧٣٠٣٢٣٠
50.jpg,٦٨٠٠٠٩٢٤٢١٥١٢٢
51.jpg,٢٣٣٢١٣٣٠٢٣٠٢٩٢
52.jpg,٠٠٢٣٢٦٢١٠٠٤١٠٠
53.jpg,١٣٢٨٢٢٢٣٢١١٥٠١
54.jpg,٣٧٣٠٠١٣٢٣٩٣٢٣٣
55.jpg,٣٠١٣٧٣٧٤٨٢٨٣٢٣
56.jpg,١٢٦١٣٦٩٢٢١٢٢٣٢
57.jpg,٢٠٠٣٢٦٢١١٣٩٢٢١
58.jpg,٣١٢٠٥٠٠٣٤٢٢٣٠٢
59.jpg,٢٦٠٨٣٧٣٣٢٢٣١١٧
60.jpg,١٠٠٠٩١٢٣٠٠٥٢٣٣
61.jpg,٠٩٨٠٥٣٨٠٨١١٣١٥
62.jpg,٦٣٤٣١١٢٠٢٢٢٩٢٠
63.jpg,١٠١٧٢٠٣١٢٠١٠٦١
64.jpg,٢٢٧١٢٣٠٠١٢٣١٠١
65.jpg,٣٢١٣٠٠٣٠٠١٣٤٣٩
66.jpg,٢٠٣٩٣٠١١٠٦٩٠٠٢
67.jpg,٢٣٨٣٣٢٣٧٢٤٤٢٠٢
68.jpg,٠١٢٧٩٠١٧٢٨١٠٧١
69.jpg,٢١٢٤٣٠٣٠٣٠٦٢٣٣
70.jpg,٠٣٨٠٢١٣٢٥٠٢٣٢٠
71.jpg,٢١٢٢٨٤٩٣٢٥٣٣٣٠
72.jpg,٣٢٢١٠٠٠٩٤١٥٣٠٧
73.jpg,١٩١٢٠٣١١٣٩٣٢٧١
74.jpg,٢١٣٣٠٢٠٣٣٣٣٧٠٩
75.jpg,٠٣١٢٢١٣١٠٢٧٢١٢
76.jpg,٣١٢٠٨٦٥٦٢٧٢٠٤١
77.jpg,٩٢٣٠٣٢٠١٣٨٣٧٠٣
78.jpg,٠٢٠٣٠٢٠٥٠٠٣٢٣٢
79.jpg,٩٣٢٠٠٧٢٢٠٠٥٢٢٨
80.jpg,٠٢٢٣٥٤٢٤٣٧٠١٢٣
81.jpg,٦٦٣٣٠٠٣٦٣٢٦٣٠٣
82.jpg,٣١٧٣٣٣٣١٣٥٢١٥٢
83.jpg,١٧٥٢١٣٧٢٢٠٢٣٢٧
84.jpg,٠٠٢٠٦١٠١٠٩٢٣٩٧
85.jpg,٣٢٣٠٧٩٢١١٨١٩٧٠
86.jpg,٥٠٠٩١٣٦٢٩٠٢٥٣٠
87.jpg,٣٤٣٩٧٢٠٣٣١٣٢٢٥
88.jpg,٢٣٩٠٢٢١٢٤٥٣٩٢٣
89.jpg,٠٠٢٢٩٧٥١١٤٣٠١٠
90.jpg,٢٠٨٨٢٢٥٣٢٩٠٣٧٢
91.jpg,٧٨٣١١١٨٥٤١٠٣٣٣
92.jpg,٩١٩٦٢٠٢٧٣٠٧٩٤٠
93.jpg,٠٢٥٣٢٢٢١١٠٣٠٣٩
94.jpg,٣٢٠٠٣٤٢٠٥٣٥٢٨٣
95.jpg,٣٠١٢١٤١٢٤٠٨٣٢٣
96.jpg,٤٦٠٦٥٢٢٣٣١١٣٠٣
97.jpg,٣٣١٧٣٨٠١٢٣٢٣٠١
98.jpg,٣٥٠٨٢٠٦٣٢٠١٢٢٢
99.jpg,٠٣٣٢١٢٣٣٨١٣٣٣٠
100.jpg,٢٢١٦٣٢٠١٣١٤٥٩٢
101.jpg,٢٣١٠٣٣٨٢٣٢٨٣٣٣
102.jpg,٢١١١٢٢١٧٤٢٢٢٦٠
103.jpg,٩٤١٠٠٥٣١٦٢١٢٠٠
104.jpg,٠٢٠٢١١٢٢٢٢١٥٠٢
105.jpg,٣٣٣٠٤٣٣٠٩٠٣٣٢٩
106.jpg,٨١٠١٣١٢٠١٣٠٦١٢
107.jpg,٢٣٢١٩٠٣٢١٩٤٠٢٠
108.jpg,٣٣٨٧١٢٢١٠٠٦٢٣٣
109.jpg,٢٢١٩٨١٢٣٢٠٠٢٠٠
110.jpg,٣٠٣١١١٦٣٢٢٠٢٢٤
111.jpg,٢١٢٠١٣٢٧٣١٢١٣٣
112.jpg,١٢٣١٣١٢٢٠١٦٢٣٠
113.jpg,٠١٠٢٣١١٧٧٠٢٠٠٥
114.jpg,١٣٠٣٣٠٢٣٨٢٣٠٣٣
115.jpg,٢٤٣٤١٦٥٨٢٢٣١٨١
116.jpg,٢١٦٩٠٢٣٠٠٣٢٣١٤
117.jpg,٢٧٣٣٨٨٣١٣٢٠٥٣١
118.jpg,١٠٣١٢٠٢٢٩٢٥٥٨٣
119.jpg,٢١٠٤٩٠٦١١١٣٩٢٢
120.jpg,٤١٠٩٢٨٢٢١٣١١١١
121.jpg,٦٩٥٣٠٠٩٠٣٢٨٣٧٣
122.jpg,١٩٠٩٥٣٣٢٧٤٥٠٨٥
123.jpg,٣١٩٥٢٢٣٤٣٢٠٣٥٥
124.jpg,٣٤٢٣٩٠٢٦٠٨٢٣٢٣
125.jpg,١٣٢٢١١٥٣٧٠٠٢٢٧
126.jpg,٣٣٣٠٦٢٧٢٣٩١٢٩٩
127.jpg,٣١٢٠٣٩٢٣٥٢٠١١٣
128.jpg,١٠٣٢١٨٣١٣٣٢١١٣
129.jpg,٣٠١١١١٣٢١٤٦٣٥٢
130.jpg,٩١١٠١٩٧٣٢٣٠٠٠٠
131.jpg,٠٢٠١٥٠٤٢٢١٢٠٣٢
132.jpg,٢٢٤٦٣٢٠٧٦٢٧٢٢٧
133.jpg,٢٥٣٦١٣٠٠١٣٧٢٠٢
134.jpg,٠٦١١٠٣٢٣١٢٩٦٣٣
135.jpg,٢٨٩٣٣٣٠٢٢٤٦٢٥٢
136.jpg,٥٣٣٣٣٣١٠٢٢٥٣٣١
137.jpg,٢٢١٢٤٢١٢٢٢١٣٦٣
138.jpg,٨١٠٣٢٣١٢٢٠٣٥٢٢
139.jpg,٣٦٧٤٢٠١٨١٣١٢٣١
140.jpg,٨٥١٣١٣٦٩٠٤٧٠٩٣
141.jpg,٣٠٣٣٦٣٢١٧٥٦٣١٣
142.jpg,٢٢٠٢٣٢٦٦٧١٣٤٥٣
143.jpg,٣٠٣٠٢٢٩٣٧٨٩١٨١
144.jpg,٣٣٢٣٢١٨٢٢٩٢٠٠٧
145.jpg,٢٠٢٢٣٣٢٢٠٣٨٧٣٣
146.jpg,٣٣٢٤٩٩٣٢٢٣٣٣٢٠
147.jpg,٩٦٧٨٣٠٢٧١٢٠١١٣
148.jpg,١٤٣٢٦٤٩٢٣٤١٣٠٣
149.jpg,٢٦٠٣٨٩٣٨٦٣٢٧٦٦
150.jpg,٥٠٣٩٢١٢٢٣٨١٢٢٢
151.jpg,٣٣٠٣٣٢٢٥٣٣١١٤٣
152.jpg,١٣٠٥١٠١٢١٣١٧٦٢
153.jpg,٢٣١٩٠٩٢٣١٨٣٠٤٠
154.jpg,٠١٨١٦٢٣٢٢٢٠٦٦١
155.jpg,٢٧٧١٢٢٢٣٠٠٠١٩٣
156.jpg,١٤٠٢٠٠٦٢٢٥٦٢٥٨
157.jpg,٤٩٦٣٨١٢٤٣٨٣٠٢٠
158.jpg,٣٢٧١٥٣٣٨٧٧٦٦٢٧
159.jpg,٩٣٠١٥٠٣٢٢١٠٣٣٨
160.jpg,٣٠٣٣١٧٢٢٩٠٢٢٠٢
161.jpg,٨٠٧٢٢٢٢٥٣٦٣٠٨٣
162.jpg,٨٠١٠٣٠١٥٢٠٨٠٣٣
163.jpg,٠٠٢٣٦٤٠٢٥٢٩٠١٣
164.jpg,٢٣٠٣٣٢٢٣٣٠٢٢٢٩
165.jpg,٦٢٣٠١٠٠٨١٧٠١٣٣
166.jpg,٧٠٢١١٣٠٦١٤١١٣١
167.jpg,٢٣٨٦٤١٩٢٣٧٢١١٣
168.jpg,٧٤٣٢٣٢٢١٣٦٣١١١
169.jpg,٦٧١٦١٨٠٠٧٦٢٢٦٢
170.jpg,٩٢٠٣٢٩٢٢٢١٦٢٣٣
171.jpg,٠٤٣٠٠٢٩٥٣٠٣٠٣٣
172.jpg,٠٢٣٢٧٠٤٣٧٠٥٣٢٢
173.jpg,٤٠٣٦٥١٣٩٢٣٥٢٠٢
174.jpg,٠٠٠٢٠٢٥٦٣٢٣٢٠٥
175.jpg,٢٠٤٣٤١٢٠٢١٢٠١٣
176.jpg,١١٢٢٣٣٨١٠٣٣٢٢٢
177.jpg,٦١٢٢٧١٠٣٤٠٣٢٩٠
178.jpg,٠١٥٢٩٢٢٢٧٣٢٩٣١
179.jpg,٣٤٣٠٠٠٢١٥٥٠١٢٠
180.jpg,١٠٥٣٥١٢٠٢٢٠١٣٢
181.jpg,٠١١١٢٢٤١٢٩٦٠٢٣
182.jpg,٢٢٢٠٣٨٩٥٨٢٩٥٠١
183.jpg,١٠٠٤٤١٩٣٣٣٨٢٧٢
184.jpg,١٢١٣٢٣٣٠٦٢٠١٦٥
185.jpg,١١٨٢١٧٢١١١٢٢٤٣
186.jpg,٠١١٢٢١١٣٢٢٥٥٠١
187.jpg,٩٢٣٢٣٣٢٠٢٣٣٩٠٧
188.jpg,٥١٣١٣١٢٨٢٠٠١٣٠
189.jpg,١٣٢٣٠٥٢٣٨٢٢٣٩٠
190.jpg,٢٥٦٣٣٦٢١١٠١٣٩٦
191.jpg,٢٠٧٢٧٢٧٠٠٢٣٨٣٧
192.jpg,٤٩٣٥١٦٣٣٠٤٢١١٣
193.jpg,٣٥٩٢٩١٣٨٣٣١٠٣٣
194.jpg,١٣١٤١٩٥١٣٢٣٩٣٩
195.jpg,٣١٠٨٣٢٢٣١٩١٠١٢
196.jpg,٢٦٣٣٢٠٧٣٣١٣٢٢٢
197.jpg,٢٠٥١٠١٣٢٤٢٢٣٠٤
198.jpg,٤٠٧٥٦٣٣٢٤١٣١١٥
199.jpg,٣٢٢٠٩٤٥١٢٣١٣٢٠
200.jpg,٥٠٠٣١٠٣١٦٢٠٠٧٢
201.jpg,١٤٢٢٩١٣٩١١١٩٣٦
202.jpg,٣٠٣٢٠٠٢٨٣٢٤٣٢٣
203.jpg,٠١٢٠٣٩١١٠٨٥٢٠٠
204.jpg,٢١٠٠٦٩٩١٢٠١١٠٢
205.jpg,٣١١٠٥٢٢٤٧٠٠٢٣١
206.jpg,٤٢١١٣٠٨٢١٠١٢٢٠
207.jpg,٢٠٧٩٠٣٢٣٣٢٦٤٣١
208.jpg,٣٩٢٢٠٠٧١٣٠٠٠٠٠
209.jpg,٤٢٢٣٣٠٣٠٠٧١٢٠٠
210.jpg,٠٣٨٢٢٣١٣٠٠٣٩٠٢
211.jpg,٠٠٣٠٢٢٩٩٠٣١٢١٣
212.jpg,٤١٠٨٣٩٠٩٠٠٣٠٠٢
213.jpg,٣٢١٠١٢٧٥٢٣٧٩٢٢
214.jpg,٠٠١٣٣٢٢٣١٧٠٣٢٦
215.jpg,٠١٠٥٣٣٠٠٥١٢١١٧
216.jpg,٥٢٤٥٣٣٢١٠٨٣١٥٩
217.jpg,٠٦٩٥٥٠٣٣١٠٣٠٦١
218.jpg,١٢٦١٢٠٣٢٢٨٥٢٨٥
219.jpg,٥٢٩٣٣١٦٨١٠٣٠٩٠
220.jpg,٥٠٣٢١٨٣٢٣٦٧١٣٨
221.jpg,٢٩١٣٨٢١٣٣٨٤٠٠٣
222.jpg,٢٢١٣٥٢٠٢٢٠٦٢١٢
223.jpg,٨٤٧١٨٣٣٠٥٢٦١٥٠
224.jpg,٢١٢٣٠٦٣٣٠٩٠٠١٢
225.jpg,٣٢٥٣٣٤٣٢١٠٣٦٨٠
226.jpg,٢١١١٣٢٥٣٣١٢١١٨
227.jpg,٩٣٢٢٢٠٠٩٠٦٥٠٠٨
228.jpg,١٨٧٢٣٣٢١٢٢٥٠٠٣
229.jpg,٦٣٨٣٦٩١٢٦١٢٧٨٨
230.jpg,١١٣٧٨٣٦٣٥٣٣٢١٠
231.jpg,٣٢٠٦٣٩٠٨٦٨٠١١٦
232.jpg,١٨٧٢١٠٣٣١٦٥٢٢٣
233.jpg,٣٠٠٢١٠٩٩٣١٤١١٠
234.jpg,٠٠٠٣٢٦٣٣١٣٠٢٧١
235.jpg,٠٠٠٠٢٢٥٤٠٠٣٤٢٣
236.jpg,٠٢٠٢١٠٥٦١٣٣٢٠٣
237.jpg,١٥٢١٣٤٢٣٣٣٥١٢٨
238.jpg,٢٢٣١٣٣٠٨٨٢٩٨١٣
239.jpg,٣١٣١٠٠٤٣٢١٨١٤٣
240.jpg,٠١٧١٢٢٣٤٨٢٠٧٠٥
241.jpg,٠٣٥١١٠٣٢٣٢٣٢٢٠
242.jpg,٢٣٣٢٣٦١١٣٢٣٢٧٣
243.jpg,٧١٣٣٦١٢٢١٩٩٧٥٠
244.jpg,٣١٤٣٣٠٢١١٣٣٣٨٢
245.jpg,١٨٩١٦٥٢٣٢٤٩٣٣٢
246.jpg,٢٢٨٧٣٠١١٠١٣٠٩١
247.jpg,٠٤٣٣٠٢٣٢٣١٢٠٨٢
248.jpg,١٦٢١١٠١٠٣٢٠١٠٤
249.jpg,٦٠١١٢٣٢٢٥٢٤١٦١
250.jpg,٠٠١٢٨١١٠٥٣٦٣٢٠
251.jpg,٠٥٢٦٣٢٦٦٦٠٢٢٦٢
252.jpg,٢١١٧٢٣٣٠٢٠٢٢٣٣
253.jpg,١١٢٠٠١٠٣٨٢٢٠٧٢
254.jpg,١٧٣٩٢٢٣٠٥٦٣٩٢٠
255.jpg,٢١١١٨٨١٤٣٣١٥٢٨
256.jpg,٣٦١٢٣٨٠٣٢٣١٠١١
257.jpg,١٥٤٢٨٠٨٢٢٣٨٣٣٣
258.jpg,٠٢١٣٢٣٢٦١٠٧١٠٣
259.jpg,٣١٣٤٣١٠٧٣١٤١٠١
260.jpg,٧٢٢١٠٢٢٠١٧٦٢١٢
261.jpg,٢٢١١٣٢٢٩٣٢٨٨١٠
262.jpg,٠٩٠١١٩٩٠٠٩١١٨١
263.jpg,٢٧١٣٠٣٣١٠١٢٨٠٠
264.jpg,٦٠٠١٠٣٠١٠١١٠٨٨
265.jpg,٩٠٤٠٢٠٢٩١٠٣٢٦٩
266.jpg,٢٣٢٠٠٣٣٩١٠٤٢٠١
267.jpg,٧٠١٣١٠٦٣٥٨٧٠٢٦
268.jpg,٣٦٢١٠٠٠٣٤١٢١٢١
269.jpg,٤٣١٦٣٣٣٦٠٤٧٨١١
270.jpg,٧٢٣٠٥٤١٣٦١١٧٠١
271.jpg,٠٢٠١٩٤٢٢١٣٥١٧٤
272.jpg,٨٠٢١٠٣٢٥٧٢٢٦٤٢
273.jpg,٦٠٥٣٣٣٢١٠٦١٠٢٣
274.jpg,٩٠٠١٣٠٠٣٣٢٠٣١٣
275.jpg,٥٣٣٢١٥١٠١٤٠٨٢٧
276.jpg,٣٠٤٠٢٠٠٩٢١٠٠١١
277.jpg,٦٣١٠٦٣٢٣٨٣٣٨٣٠
278.jpg,٣٠٣٥٠٢٠٢٤٣١١٣١
279.jpg,٩١٢٩٢١٠٤٥٧١١٣٣
280.jpg,٣٠٣٠٣٥٣١٠١٧٧١٢
281.jpg,٦٥٢٠١٣٠٩٦٠١٣٢٠
282.jpg,٠١٣٢٢١٠١٠١٢١١١
283.jpg,١٠٣٣٣٢٢٨٣١٠١٠١
284.jpg,١٢٢١٧٢٢٠٨٠٣٠٢٧
285.jpg,٠٣٩٣٧٠١٢٠٣٣١٠٠
286.jpg,٣٣٠٠٥٣٥٤٤٠٣٠٧٨
287.jpg,١٢٢١٣٤٨٣٤١٣٠٢٠
288.jpg,٢٧١١٠٥٣٠٦١٢٤١٠
289.jpg,٥٣٠٢٢٦٢٠١٠٣٣٦٩
290.jpg,٣٢٣٦٣٢٩٠٠٢٩٢١١
291.jpg,٨١٢٢٤٣٠٣١٢٧٣٧٠
292.jpg,٥٣٣٠٨١٧٣٠٦٥٣٢٩
293.jpg,١٠٣٢٧١٢١٧٣٣٩٣٨
294.jpg,٠٣٣٣٠٧٢١٧٨٣٧٢١
295.jpg,٩١٣٣١٣٢٧١٨١١٢٣
296.jpg,٦٢١٢٢١٠٢١٢٥٢٠٠
297.jpg,٢٢٠١٠٢٢٦٢٢٥٣٨٢
298.jpg,١٢٠٠٩٣٦٠٣٣٧٣٢٢
299.jpg,١٣٢٠١٠٣٨٥٩٨٠٣٢
300.jpg,٠٥٩٦٨٠٢٠٣٣١٧٠٦
301.jpg,٣٨٢١٣٢١٢١٠٤٤٤٣
302.jpg,٤٨٢١٣٥٢٣٥٢٣٠٧٢
303.jpg,٣٩١٧٨٣٢٣١٤٣٣٣١
304.jpg,١٢٩٢٣٥١٢٣٢٢٣٣٢
305.jpg,٩٣٠٧٣٧٢٧٢٠٣٢٤١
306.jpg,١٠١٣٣٧١٠٠٩٠٣٢٠
307.jpg,٢٦٢٢٣٠١٥٣٢٤١٣٩
308.jpg,٨١٣٢٣٣٢٣٧١٥٢٠٠
309.jpg,٢٠٠٥٠٤٢٢٣٠٦٦١٣
310.jpg,٩٨٣٠٠٦٣٢٤٢١٣٠٠
311.jpg,٢١٠١٩٨٢١٦١٢٢٣١
312.jpg,٤٣٣٢٠١٢٢٧٦٣٢٢٧
313.jpg,٩٣١٣٢٢١٥٧٣٥٢٢٣
314.jpg,٢٨٣١٠٣٠٢٢٣٨١٤٣
315.jpg,٣١٠١٠٣٣٨٢١٢١٥٢
316.jpg,٣٣٠٧٣٢٢٢٣٠٢٠٠٩
317.jpg,٢٧٠٣٨٨٥٤٢٤٠٧٢٣
318.jpg,٠٣٥٠٢٨٤٨٢٢٠٥٠٧
319.jpg,٨١٨٢٣٢٨٠١١١٩٧٣
320.jpg,٨٣١٣٤٢٢١١٣١٣٢٣
321.jpg,٠١٠١٢٢٢٥٢٠١٧٠٣
322.jpg,٠١٢٣٣٩٢٣٥٣٤١٣٣
323.jpg,٣٠١١٢١١٠٢١٣٣٢١
324.jpg,٠١٥٩١٢٩٨٢٠١٣٢٣
325.jpg,٣٢١٣٠٣١٩١١٠٠٣٣
326.jpg,٠٤٨٢٢٨٢٠٢٣٠٣٩٠
327.jpg,٢٨٤١٦٠١٣٢١٩٠٤٤
328.jpg,٣١١١٧٣٢٣٢٢٢٠٦٢
329.jpg,٢٠٣٦٣٢٣٩٠١٣٢٣٠
330.jpg,٨٣٩٠٠٢٣١٩٨٩٦٣٢
331.jpg,١١٣١٧٣٢٢٢٧١٧٢٥
332.jpg,٢٢٢١٢٢١٩٨٢٢٣٢٠
333.jpg,٣٤١٠١١١٩٧٧٧١٧٨
334.jpg,٠٣٢٢٢١٣٢٤١٠٠٩٠
335.jpg,٩١١٣٣٢٤١٠٩٣١١٢
336.jpg,٣٠١١٦٨١٠٠٢٠١٦٢
337.jpg,٢٧١٠٩٢٣٠٢٣٥٩٨٥
338.jpg,٢٣١٣٣١٣٢٢٢٣٣٩٣
339.jpg,٠٩٩٣٣٧٠٣٢٣٣٧٣٢
340.jpg,٩٤٣٠١٥٠٣٣٠٨٧١١
341.jpg,٨٩٥١٠٨٤٥١١٦٨٢٣
342.jpg,٢٢١٠٨١٨٩٣٢١٢٨٢
343.jpg,٠١٢٢٠١٣٦٦١٩٨٩٢
344.jpg,٣٢٦٣٠١٢٢٠٢٨٨٠٩
345.jpg,٤١٥٠٢٢٠٢٧٦٠٠٢٥
346.jpg,٧٣٠٠٢٥٣٤١٦٠٣٠٠
347.jpg,٠٤٣٣٢٠٠٣٢٢٣٠١١
348.jpg,٣١١٦٥٢٢٣٠٢٠٢٣٠
349.jpg,١١٠٠١٣٧٥٣٦٣٢٧٢
350.jpg,٣٢٥٥٦٢٢٢٦١٢٠٣٣
351.jpg,١٩١٩٣٢٢١١٣٢٣٣٣
352.jpg,٤٩٦١٠٨٩١٣٠٣٣١٩
353.jpg,١٣٣٣١٣٠٢٢١٧٣١٠
354.jpg,٤٢٣٣٣٢٢١٥٢١١٢٣
355.jpg,١٨٢١٠٣٣٠٠٣٤١٢٦
356.jpg,٦٢٦٢٢٠٩٢١٢٢١٠١
357.jpg,٥٣٢٣٣٨٢١٠١٩٦١١
358.jpg,٢٥٢٢٤٣١١٠٢٠١٢٨
359.jpg,٢٢١١١٠٢١٠٨٢٢٢٢
360.jpg,٢٦١٢٢١٣٦٣٢٢٣٩٣
361.jpg,٢١١٨٣١١٣٠٢٠١٠٩
362.jpg,٢٠٠١٥٠٣١٢٧٣٣٣١
363.jpg,٢٢٧٥٢٠٣٨٩٣٢٣١٣
364.jpg,٥٢٣٠١٠٢٠٢٢٣٣١٠
365.jpg,٢٠١٠٥٣٢٢٦٢٢١٢١
366.jpg,٩٨١٣٢٠١٢٣١٩١١٤
367.jpg,١٠١٧١٠٥٢١٨٩٩٢٣
368.jpg,٧٢١٣٢٧٥٢٠٣٥١٣٢
369.jpg,٤٦٢٢٢١١٣٠٤٢٣٤٣
370.jpg,٢٠٨٠٢٢١١٥٣٩٠١١
371.jpg,٣٧٠٣٩٣٠١١٣٠٤٢٠
372.jpg,٧٢٢٣٣٣٣٣٠١٩٣٧٣
373.jpg,٥٢٠٢٠٢٣١٦١٣١٠٣
374.jpg,٠٢٢٣٢٢٠٣٠٢٠٠٢٣
375.jpg,٢١١٢٠١٨٣٢٠٢٢١٦
376.jpg,٣٦٢٣٠٣٧٠٢٢٢٣٧٩
377.jpg,٢٢٠٢٤٢٧٥١٣٣٠١٠
378.jpg,٢٢٠٣٣٣١٢٩٠٣٢٢٣
379.jpg,٣١٣٤١٢٩٠٣٣٧٧٣٠
380.jpg,٧٢٠٣٣٠٣٣٥٤٢٢٢٤
381.jpg,١٣٠٩٣٣٢٣٢٣٠٣٠٨
382.jpg,١٣١١١٣٢١٧٥٧٣٣٩
383.jpg,٠٠٢١٣٠١٨٣٩٨٤٠٨
384.jpg,٢٠٣٢٢٠٧٥٠١٣٢١٥
385.jpg,٨١٣٣٣٣٣٣١٢٢٣٥٤
386.jpg,٢٦١٨٦١١٢٣١١١١٢
387.jpg,٩٢٤٢٩٦٢٣٣٣١٢٢٨
388.jpg,٠٠٢٣١١١٣٠٣١٣٦٢
389.jpg,٠٢٢٣٣٦٠٢٢٠٢٢٢٠
390.jpg,٢١٠٢١٠٠٢٠٠١٩٠٣
391.jpg,٥٥١٠١٤٢٢٣٤٣٣٠٢
392.jpg,٢١٣٣٣٢٢٦١٦٣١٣١
393.jpg,١١٢٢٧٠٢٠٢٤٢٣٠٢
394.jpg,١٩١٠٨٢٢١٠١٦٣٢٥
395.jpg,٣٤١٣٨١٥٣٣١٢٨١٠
396.jpg,٨٣٦٢١١١٣٢٣٢١٤٢
397.jpg,٢٢٢٤٠١٠١١٣١١٥٣
398.jpg,٠٢٣٨٢٦٥٩٢٣٠٦٢٠
399.jpg,٧٣٣٣٨٢٣٣٣٢٦٢٢٠
400.jpg,٧٨٢٠٢٣٦٠٠١٧٣٣٥
401.jpg,٢٤١٧٠٣٣١١٣٣٨٢٠
402.jpg,٧٩١١٢٣٩٣٣٣٦٠٨٥
403.jpg,٩١٠٦٠٢١٣١٣٣٢٣٩
404.jpg,٣٧٣٢٣١٢٣٣٦٨٠١٠
405.jpg,٢٠٥١٣٠٣٢٧٣٥٥٠١
406.jpg,٧١٧٣٣٢٢٤١٢٠١٠٧
407.jpg,٥٠٠٢١٠٠٨٢٣٣٠٢٢
408.jpg,١٣٢٧٧٣٥٣٩٢٣٨٣٣
409.jpg,١٢٠٢٣١٢٢٢٠٧٨٠٣
410.jpg,٢١٣٢٣١١٨١٠١١٩٣
411.jpg,٠٤٧٣٤٢١٠٣٩١٢٣٢
412.jpg,٢٢٣٢٣١٣٢١٣٦٣٣٢
413.jpg,٤٢٠٣٠١١٣٣٢٨٣٢١
414.jpg,٣٧٧٠٢٢٠٣٢٠٢٩٩٢
415.jpg,٣٧٧٨٠٧٥٣٧٧٣٣٨٣
416.jpg,٠٠١٦١٣٣٥٠٢٢٢١٠
417.jpg,١٣٠٢٢٦٢٥٢٢٠٠٣٣
418.jpg,٧٢٢٠٠٣١٠٦٦٣٣٥١
419.jpg,٣١٩١٣٠٢٢٣٢٣٠٦٢
420.jpg,٢٢٢٥٣٣٠٢١٢٣١٢٣
421.jpg,٥٢٠٣٣١٣٩٢٢٠٣٢٠
422.jpg,٠٢٠٧٣٣١٨١٠٠٥٢٣
423.jpg,٣٢٣٦٤٢٢١١٢٦١٩٣
424.jpg,١٧٢١٠١١٣٧٣٣١٣٨
425.jpg,٣٣٠٣٠٨٠٥١٧٢٠٣٣
426.jpg,٠٥٣١٤٠٣٣٠٠١٤١٢
427.jpg,٧١٢٠١٣٦١٠١٠٤٧٩
428.jpg,٢٠١١١٣٠٥٦١٢٠٢٥
429.jpg,٢٢٣٠٢٣٠٠٠١٣٣٥٩
430.jpg,٣١٢٨٠٠٢٢٠٢٨٩٢٤
431.jpg,٢١٠٠٩٠٢٠٢١١٣٢١
432.jpg,٣١٠٠٠٥٠٢٠٢٠٣٢٥
433.jpg,٦٣٩٢٢٣٣٢٢١٣٠٣٠
434.jpg,٤٣٣١٢٣٢٣١٦٣١٢٥
435.jpg,٣٧٣٣٨١٣٤٧٧٢٠٥٥
436.jpg,٠١١٥٤٣٧٣٦٤١٣٠٣
437.jpg,٠٠١٢٠٣٢٩٥١٢٥٩٣
438.jpg,٧٢٣٧٢٤٢١٢٣٢٢٢٢
439.jpg,٢٩١١٣٢٦٣٣٠٣٣٣٨
440.jpg,٧٤٠٢٢١٤٢٩٥٢٧١٢
441.jpg,٢٢٣٢٠٠٢٢٢٠٢١٢٧
442.jpg,٢٢٤٤٣٣٢٠٢٣٢٢٢٢
443.jpg,٩٣١٤١١١٢١٢٣٣١٠
444.jpg,٧٣٢٣١١١٢٤٣٩٦٦٢
445.jpg,١٧٥١٩٠٦٨١١١٦٢١
446.jpg,٣٣٣٧٧١٣٠١٢٦٧٨٢
447.jpg,٣٧١٢٣٢١٢١٢١٢٤٢
448.jpg,٢٦٩٢٣٢٣٠٣٥٥١٠٠
449.jpg,١٣٩٩١٢٢٢٣١١٦١٢
450.jpg,٣١٠٢٠٠١٨٣١٤٢٢٢
451.jpg,١٠٢٠٣٤١٣٠٣٦٢١٢
452.jpg,١٣٩١٨١٠٥٠٠٩٢٢٠
453.jpg,٣٣٣٣٢٣٤٢٠٢٤٥٥٢
454.jpg,٠٢٣٥٣٠٥٢٣٣٣٣٣٣
455.jpg,٠٦٢٢١٢٢١٣١٢١٢٠
456.jpg,٩٣٣١٢١٣١٠٠٠٩٥٢
457.jpg,٠٠١٢٠٦٦٢٠٠٠١١١
458.jpg,٢٢٢٢٣٥٢٣٣٢٣٦٩٣
459.jpg,٠١٢٢٩٢٠٢٣٢٤٣٧٠
460.jpg,١٨٩٢١٧٢٢٠١١١٣٠
461.jpg,٣٣٠٥٠١٢٧٤٢٤١١٣
462.jpg,٨٣٢٧٠٧٠١٦٠٢٠٠١
463.jpg,٠٣٢٥٠٢١٢٣٢٦٩٦٠
464.jpg,٢٢٢٣١٠٣٤٣٠٠٢١٢
465.jpg,٧٣٨٢٢٣٦٢٤٣٧١٣٣
466.jpg,٣٧٢٠٢٠٦٠٩٧٠١٣٨
467.jpg,٣٤١٠٠١١٢٠٠٣٢٥٠
468.jpg,١٤٤٤٤٢٠٣٣٨٠٢١٢
469.jpg,١٢٠٨٢٦١٤٢٣٠٧٠٠
470.jpg,٢٤٢١٣٢١٣٥٩٤٤١٣
471.jpg,١٢٠٣٠٣٤٠٢٥٢٢٢٥
472.jpg,٨٣٠٧٢٢١٦٠٢٢٦٢١
473.jpg,٣١٠٢٣١٠٧٣٥٠٩٦٠
474.jpg,١١٢٨٣٢٢٩٢٠٠٠٣٢
475.jpg,٢١٩١٠٣٠٢٤٣٢١٢٦
476.jpg,٣٢٧٩٠٣٨٢٥١٠٣٩٣
477.jpg,٣١٢٨٣٠٣٢١١٠٤٧١
478.jpg,٢٦٩١٠١٠٩٢٢٢٧١٦
479.jpg,٠٧٣٣١٢٣٤٣٨٣٢٠١
480.jpg,٢٨٤٩٣١٢٩٠٣٩١٧١
481.jpg,١٤٠٩٢٣٣٢٣٤٠١٢٥
482.jpg,٠٨٤٥٣٢٣١٤١٤٣٣٨
483.jpg,٦٤٨٢٣٢٣٢١٣٧٠٢٣
484.jpg,٨٠٢٣٣٨٩٠٧٠٨١٣٢
485.jpg,١٠٨٢٢٠٢١٢١٣١٢٣
486.jpg,٣٣٧٠٦٢٠١٢٧٠٢١٢
487.jpg,٥٣١٩٦١٣٩٤٣٠٢٣٣
488.jpg,٦٣٠١٣٧١٣٢٠٢٢٢٥
489.jpg,٣٢١٣٢٣٠٠٢٠٣٨٥٣
490.jpg,٠٣٣٢٩٢٣٤١٣٠١٩١
491.jpg,٢١٨١٣٦٠٠٧٣٠٣١٢
492.jpg,٠٣٦٠٢١٩٣٧١٢٢٠١
493.jpg,٣٢٣٠١١١٨١٣٠٠٠٤
494.jpg,٠٣٢٣٣٣٣٠٢١١٦٢٣
495.jpg,٠٦٣٣٨٢٣٣٢٢٢٩٠٩
496.jpg,٩٣٢٣٢٨٣١١٤٢٢٤٣
497.jpg,٣٨٠٠١٠٠١٠٠٣٣٣٠
498.jpg,٨٢٣٣٣٢٥٨٣٣٣٠١٠
499.jpg,٢٩٠١٢٠١١٢٢١٢١٠
500.jpg,٣٢٣٠٣٠٦٠٧١٢٣٠٦
501.jpg,٠٣٢٧٠٧١٣٠١٢٥٠٠
502.jpg,٧٢٥١٣٣٢٥٢٩٣٣٨١
503.jpg,٣١٠٣١٣٨٢٣٤١١١٣
504.jpg,٠٠١٣٠٢٢٠٣٣٣٦١٢
505.jpg,٣١٧٣١٧٠١٢٠٠٣١٠
506.jpg,١٣١٧٠٣٧٢٠٠٩٠٠٥
507.jpg,١١١٢٠٣٠٦٩٢٢٩٣٢
508.jpg,٢١٢٢٠٢١١٣٣٣٠٣٣
509.jpg,٢٠٢١٢٣٦٠٢٣١٢١٢
510.jpg,١٧٢٢٢٢٩١٥٣٢٣٢١
511.jpg,٢٠٣٩٣٢٢٠٢٥١٠٣٩
512.jpg,٣٦١٣١٥٠٣٣٣١٦٢٣
513.jpg,١١٣١١٧٣١٠١٨٠٢٧
514.jpg,١٦١٥٣٨٦٤٦٢٦٣٣١
515.jpg,٣١٤٧٠٠٠٣١٢٣٧٣١
516.jpg,٠٦٨٢١٣١٠٢٢٨٩٠٤
517.jpg,٣٣٦٨٢٠٠٠٤١٣٢٤٠
518.jpg,١٢٤٢٣١٠١٠٤٠٢٣٠
519.jpg,٥٣١٠٢٤٧٨٢٠٧٤٢١
520.jpg,٨٩٣٩٣٠٣٠١٧٩٨٨٠
521.jpg,٣٢٣٣٠٢٠٣٧٠٣٧٢٣
522.jpg,٣٠١٤٢١٢٢١٢٢٢٤٠
523.jpg,٣١٩١٠٤٣٣٧٤٣٢٣٣
524.jpg,٢٤٦١٢١١٢٤٨١١٣١
525.jpg,١١٩٠٢٢٢٢٠٣٢٠٠٨
526.jpg,٢١٦٣٦٩٣١٣٠٢١٣٠
527.jpg,٧٢٢٣١٨١٣٣٢٠٣٠٥
528.jpg,٢١٢٤٣٨٣٠٨٩٩٢٢٤
529.jpg,٢٠٣٣٠٠٢٢٠٦٨١٣٣
530.jpg,٥٣٥٢١١٢١٣٣٠٣٢٣
531.jpg,٢٣٣١٠٠٢١١٢٠٥٠١
532.jpg,٥٢٠١٠٥٨٢٣٣٣٥٣١
533.jpg,٠٠٣٨٢٠٣٩٨٢٧٠٠٨
534.jpg,٢٣٠٠٠٣٢٣٠٢٢٦٩٢
535.jpg,٤٣٣١٠٥٠٩٠٣٣٥٠٦
536.jpg,٣٢٢٠٠١١١٦١٩٠٥٥
537.jpg,٢٢٣٢٣١٤٢٠٣٧٢١٣
538.jpg,١٣٠٢٢٥٢٧٢٢٢٣٢١
539.jpg,٣١٤٥٢٢٢١٣٧٢١١١
540.jpg,٧٩٣٢٠٣٣٢٩٢٣٣٦٠
541.jpg,١٠٤٣٠٢١٢٣١٢٢٠١
542.jpg,٣٢٤٠٠١٧٣٤٧٢٢٧٣
543.jpg,١٤١٠٥٠١١٢٢٧٨٠٣
544.jpg,٢٠١١٢٤٣٣١١٣٨٢٢
545.jpg,٠١٣٣٣٩٩١٩٣٣١٥٢
546.jpg,٠٢٢١٨٣٠١٣٢٤٨١٥
547.jpg,٦٢٢١٠٣٣٠٢٢١٠٩٧
548.jpg,٣٣٠٣٣٢٢٨٢٦٣٥٢١
549.jpg,٦٢٢٤٢٠٢٣٠٣٠٣٢١
550.jpg,٠٠٢٢٠٣٧٠١٣١٠٢٥
551.jpg,٣٢٣٢٥٧٩١١٠٣٥٢٣
552.jpg,٠٣٠٢٠٥٢٨١٦٠٥٢٦
553.jpg,٨٥٠٢٢٠٠٠١١١٩٠١
554.jpg,٢٠٢٢٥١٦٣٠٥٢١٢٢
555.jpg,٢١٠٨٣١٢٨٦١٠٠٠٣
556.jpg,٥١٠٢٢٢١٩٢٣٧٠٨٦
557.jpg,٣٣٢١٣٨١١١٧٠٠٩٨
558.jpg,٣١٧٢١٣٢٨٢٨٢٣٤١
559.jpg,٤٢٠٣٢٣٢٣١٣٢٣٣١
560.jpg,١٢٩٠٢٢٠٠١٠١٣٣١
561.jpg,٢١١٠٢٣٧٠١٣١٣١٠
562.jpg,٠٣٠٢٠٠٢٣٣١٠٣٣٨
563.jpg,١٣٠٨٦٣٠٠٢٧٠٣٠٣
564.jpg,٦٣٣٠٠٥٦٣٢٠٣٢٠١
565.jpg,١٢٢٣٩٣٣٠١٣٣٤٣٧
566.jpg,١٦٣٠٤٢٢٢٢٢٣٥٠٣
567.jpg,٣٢٠٢٢٣٣٢٨٥٢٢٣٠
568.jpg,٠٥٠١٦٣٦٢٣٩٠٢٣٢
569.jpg,١٤٣٣٢٠٠٢٥٢٣٤٧٠
570.jpg,٠٢٢٤٥٣٣٣٠١٠٨١٠
571.jpg,٣٤٦١٠٠١٠٨٣٢٢٨١
572.jpg,٥٣١٨١٣١٣٦٩١٣٩٩
573.jpg,٠٠٧٠١٢٣٢٢١٦٠٨٣
574.jpg,٨٢٣٤٧٥١٢٠١٢١١١
575.jpg,٤٥١١١٦٢٣١٦١٢٠١
576.jpg,٦٣١٢٣٦٢١٢٥٣٣٤٥
577.jpg,٠١٨٣٥٠٣٢٩٧٢١٠٣
578.jpg,٣٣٣١٨٠٦٢٥٣٥٢١٨
579.jpg,٠٢٣٣٠٣١٣٣٦٢٠٢٠
580.jpg,٣٠١٣٠٦٠٠٢٣٠٣١١
581.jpg,٣٣٦٩٠١٢١٩١١١٠٥
582.jpg,٠٠٣٣٢٤٢٢٠١١٢٣٢
583.jpg,٠٢٦٦٠٤٨٠٨٠١٨٠١
584.jpg,١٤٢٥٩١٠٣٢٧٣٢٥٤
585.jpg,٣٣٠٢٧١٠٣٠٠٠٣٠٠
586.jpg,٣٣١٨٨٠١٢٠٢٣٢٢٠
587.jpg,٨١٦٦٠٤٢٢٣٣٧٢٢٦
588.jpg,٩٣٧٢٠٩١٠٨٠١٢٧٦
589.jpg,٣٦٧٣٣٣٣١٠١٣٢١٣
590.jpg,٦٩٣١٩٥١٣٣١٣١٧٢
591.jpg,٣٢٠٣٠٥١٣٠٣١٠٣٩
592.jpg,١٣٣٢٠١٣٢٤٢٢٠٢٠
593.jpg,٠٩١٢٣٠٣٢٠٧٤١١١
594.jpg,٣١١٢١٠٠٠٥١٠٤٠٨
595.jpg,١٤٠٣٠٣٣٠٣٢٣٢٤٨
596.jpg,١٢٦٢٣٧٢٨٣٠٣٩٨٠
597.jpg,١٧٨٠١٠٢١٥٠١٣٣٠
598.jpg,٢٠٢١٩١٦٩٦٨٣٠١٣
599.jpg,٠٠١٤٠١٢١٨٠٢١٨٢
600.jpg,٣٢٣٤٧١٢١٢٤١٢٦٢
601.jpg,٢٠١٢٢٠٤٣٥٣١١٣٢
602.jpg,٥٠٦٢٠٣٢٥٠٧٣١١١
603.jpg,١٣٠٠٢٨٣٢٥٩٩٠٤٠
604.jpg,١١٠٣٤١٥٩٣٤١٠١٠
605.jpg,٧٢٣٠٢٤٢٠٧٢٧٣٢٢
606.jpg,١٠٨٧٧٣٠٧٥٣١١٨٩
607.jpg,٢٢٠٠٠٢٣٣١٣٣١٨٨
608.jpg,٣٦١٣٣١٤٣٠٣٢٣٢٤
609.jpg,٥٢٣٥٣٣٤١٢٤٣١٨٧
610.jpg,١٩٤١٣٨١٧٩٢١٣١٨
611.jpg,١٢٢٠٣٢٧٣٠٤٣٠٩١
612.jpg,٠٣١١٨٢٠٣٩٢٩٢٢٠
613.jpg,٣٢٣٣١٢١٨٧٢٦٤٣٢
614.jpg,٠٤٢٠١٣١٠٩٦٠٢٠٠
615.jpg,٨٤٩٠١٨١٠٨٦٣٢٠٢
616.jpg,٢٢١٠٩٣٦١٠٧٤١٢٠
617.jpg,٠٣١٣٥٢٩٥٢٥٨١٢٣
618.jpg,٠٢٠٠٠٠٢٩٦٣٣٢٣٢
619.jpg,١٠١٢٧٢١٦٣٤٢٢٥٣
620.jpg,٣٤٠٥٠٤٥٦١٣٨٠٦٥
621.jpg,٠٣٢٨٠٠٩١٩٠٥٧٩٠
622.jpg,٣٦٥٢١٠٢٢٣٤٣٠٠١
623.jpg,٢٢٥٣٠٩٥٨٤٧٢١٢٠
624.jpg,٣١١٣٠٢١٥٨٧٢١٢٠
625.jpg,٨٩٢١٤٣٩٣٢٠٨٢٠٦
626.jpg,٢٩٣٢١٣٣٢٢٠٤١٢١
627.jpg,٤٦٠٣٤٣٠٠٠٠٣٢٩٣
628.jpg,٦٣١٨٠١١٢٢٠٠٣٠٢
629.jpg,١٢٢٣١٣٢٢٠٨٣١٢٣
630.jpg,١٢٣٢٠١٠١٠٦٢٦٢١
631.jpg,٠٣٠٠٠٣٣٤٢٢٤٠٢٤
632.jpg,٣٥١٠٣٣١٠١٠٥٢١٣
633.jpg,٣١٠٣٢٣١١٠٠٢٠٣٢
634.jpg,٦٢٠٢١٢٠١١٦٩٣٥٢
635.jpg,١٧٣٣٣١١٢٨٢١٣٢٩
636.jpg,٢٣٤٣٤١٣٣٨٢١١٣٠
637.jpg,٧٩٦٤١٧٣٣٢١٦٥٣٣
638.jpg,٣٠٨٢٢١٦٠٨٤٣٥٦٨
639.jpg,٣٢٣٠١٢٣٥٦٠٠٢٩٠
640.jpg,٢٠٢٧٣١٠٢٤٢٣٠٧٣
641.jpg,٦٣٢٢٢٥١٥٣٠٨٣٢٣
642.jpg,١١٣٢٣٨١٠٩٩٢٣٤٤
643.jpg,١٠٩١٠٦٠١٩٢٠٢٩٢
644.jpg,٩٢٠٢٣٠٣٠٠١٩٣٨٣
645.jpg,١٢٣٠٠٠٠٣٣٠٢٢٣٢
646.jpg,٢٢٢١٢١٠٢٣٢٢٠٣٠
647.jpg,٣٠٢٧٢٠٣١٠٠٣٠٧٣
648.jpg,٣٧٣٣٣١٤٦٣٥٨١٢٢
649.jpg,٢٦٩٤٢١١١٠٣٧٣٢٣
650.jpg,٠٧٢٢١٢٥٥٢٠٢٠٣٢
651.jpg,٧١٤٤١٠١٠٠١٠٢٤٢
652.jpg,٨٠٣٣٠١٤٤٣١٩١٤٣
653.jpg,٣٢٠٧٢٠٣٢٢١٦١٦٠
654.jpg,٠٢١٠٣٠٣٧٢٧٢٠٣٢
655.jpg,٢٣٣٣٩٩٠٩٨٠٠٢٣٦
656.jpg,٣٣٦٠١٩٠٣١٣٣١١٧
657.jpg,٠٥٢٢٠٤٠٦٨٣٢٣٣٢
658.jpg,٣١٣٢١١٢٥١٩٢٠٦٨
659.jpg,٢٣٠٢٠٦١٠٨١١٢٩٣
660.jpg,٢٣٢٦٢١٢١٤٣٨٢١٣
661.jpg,٢٤٢٠٠٧٢٨٢٣٦٣١٢
662.jpg,٣٨٢٢٢٣٢١٧٢٤٢٧١
663.jpg,١٥٣٧٢٣٠٠٢٠٠١١٢
664.jpg,١٧٢٣٨٠٠٠٢٢١٣٣٣
665.jpg,٣١٠٤٢٩٧٠٨٣١٢١٣
666.jpg,٣٢٢٠٥٣٦٥٣٤١٨٠٢
667.jpg,٠١٣٠٦٣٣٨٣٦٤٦٣٤
668.jpg,٦٠٧٩٠٢٢١٢٧٦٣٥٢
669.jpg,٠١٢٣٦٦١٤١٠٩٢٦١
670.jpg,٠١٠٤٠٢٣٢١٨٠١٠٣
671.jpg,٢٩٣٠٣٢٧١٣٣٢٠١٠
672.jpg,١١٠٢٢٠٣٢٣٥٣١٣٠
673.jpg,٣١٢٣٢٩٤٠١٩٨٠٣١
674.jpg,٨١٠٠٢٢٣٥١٥٨٣١٣
675.jpg,٣٠٠١١١٣٣٥٨٣٢٢٣
676.jpg,٣٢٣٣٥١٦٣٦٤٤١٠٢
677.jpg,٦٠٣٢٣٣٣٢٠٢٣٣٩٥
678.jpg,١٨٢٦٠٠٩٩٣٣٨٣١١
679.jpg,١٣٥٨٢٢٣٠٦٧٣٠٣١
680.jpg,١٣٢٢١٨٨٢٥٨٢٢٩٢
681.jpg,٢٠٠٠١١٩٢٠١٣٥٤١
682.jpg,٠٠٢١٨٣٣٠١٠٣٢٢٣
683.jpg,١٩٣٢٢٣٨٠٣٢١٠٢١
684.jpg,٢٢٠٣٠٣٠٤١٣٨٣٣٣
685.jpg,٠٥٢٢٣٢١٩٠٧٣١٣١
686.jpg,٦٢١٠٢٧٣٣٢٢٣٥٢٣
687.jpg,٠٠٦٣٢٣٨٠٠٣٥٤٩٣
688.jpg,٣٠٢٢٣٣٤٤٠٨٢٢٠١
689.jpg,٩٣٥٢١٢٠٢٣٠٩٧٠٣
690.jpg,٩٩٩٤٣٧١٢٢١٢٢١٣
691.jpg,٢٤٢٢٢١٦٣٢٣١٣٨٢
692.jpg,٣٣٥٠٠٠٢١٠٠٢٢٠٢
693.jpg,٨٧١٠٩١١٢٦٢٣٠٧٧
694.jpg,٠١٠٤٣١٥١٢١٩٣٢٠
695.jpg,١٠٣٠٢٠٣٣١٢٤٢٣١
696.jpg,٥١٢٧٠٠١٠٥٧٢٢٤١
697.jpg,٢٢١١٢١٣٢٠٤١١٣١
698.jpg,٠٣٥١٥١٢٣٤٣٣٧٦٣
699.jpg,٠١٢٨١٠٣٣١٣١١٢٦
700.jpg,٤٠١٥٢٣٣٣٧٠١٢٣٥
701.jpg,٥٤٠١٣٢٢٢١٢٢١٩٠
702.jpg,٢١١٣٠٨١١٣٣١٩٤٢
703.jpg,١٠٠٢٧٢٢٣٠١٢٣٥٢
704.jpg,٠٠٩٣٢٩٨٣١٥٠٢٢٢
705.jpg,٠٠٥٥٢٣١٣٠٧٢٢٥٢
706.jpg,٩٦٣٢٣٠٠٠٦٦١٣٩٣
707.jpg,١٦٤٤٠٣٢٩٢٣٢١٠٤
708.jpg,٣١٢٥١٢٢٣٢٨٠٢٢٠
709.jpg,٣٢٠٢١٢٣٠٣٨٠٣٠٥
710.jpg,٠٨٠٣١٠١٣٢٩٩٤١٩
711.jpg,٣٠٠١١٣٢١٣٢٠٤١٣
712.jpg,٠١١٢٠٥٤٣٢٢٣٣٠٥
713.jpg,١٠٣١٢٥٧٧٣٠٢٤٢١
714.jpg,٥٠٣٢٣٢٧٦٢١٧١٢٢
715.jpg,٠٢٢٢٢٠٠٩٢٢٩٠٢١
716.jpg,٢٨٣١٣٣٣٩٣١٣١١٦
717.jpg,٢٦٣٠١١٢٣٨٠٨٠٠٢
718.jpg,١٠٠٣٠٤٠١٠٢١٠١٥
719.jpg,١١٣٠٤١١٠٠٢٨٣١٥
720.jpg,٣١٢٠٠٣٣٨٢٥٧٠٨١
721.jpg,١٣٢٣٠٣٤٣٨٢٣٠٢٣
722.jpg,٣٩٢٣٣١٢٠٨٣٩٢٦٣
723.jpg,٨٢٨٣٦٤٣٢٣٥٢١٢٠
724.jpg,٠٦١٠٢٩٣١٥٠٣٢٠٢
725.jpg,١١١٠١٦٧١٧١٣٢١١
726.jpg,٢٩٣٤٢١٨٣٥٥١٧٦١
727.jpg,٣٦٩١١٢٣٣٣٣٠٢٠٤
728.jpg,١٣٩٠٩١٤٣٣٠١٥٠٠
729.jpg,٣٧١٢٠٠٢٨٢٦٦٥١٢
730.jpg,٣٩٥١٣٣٠٤٢٣٥٨٣٠
731.jpg,١٧٠٠١٢٠١٠٢٣٤٧٣
732.jpg,٣٢٣٧٢٥٧٠٩٥٢٣٧١
733.jpg,٤٣٢٢٤٠٣٢٢٨٢٣٣٤
734.jpg,٢٣٣٩٣٧٠٠٦١٥٢١٣
735.jpg,٢٨٨٢٧٢٢٠٠٠٢١٣٣
736.jpg,١٨٢٣٣٢٥٣٤٣٤٥٠٣
737.jpg,٠٣٠٠٥٠٣٠٤٣٣٢٩٥
738.jpg,٢٨٢٦٤٣٩١١٤٠٣٢٠
739.jpg,٢٦٢٢٣١١٧٣١٥٠١٢
740.jpg,٣٠٠٤٢١٢٠٠٧٣١٣٦
741.jpg,١٢١٢١٧١٣٣٥٢٠٦٠
742.jpg,١٤٣٧٣٣٣٧٣٢٣٠٧٧
743.jpg,٢٣١١٢٧٢٠٠٥٠٢٠٢
744.jpg,٥٢٠٣٣٢١٧١١٦٢٥٠
745.jpg,٠٣٧٨٣٦٩٢١٣١٢١٢
746.jpg,٠٣١٠٠١٥٥٢٠٣١٢٣
747.jpg,٢٢٨٠٠٣٦٣٢١١٣٣٨
748.jpg,١٣١١٣٠٢٢٣٩٠٥٨٧
749.jpg,٢١١١٢١٢٨٦٨٣٥٤٣
750.jpg,٠٢٨٣٣١٣٢٤٢١٠٢٥
751.jpg,٢٦٢٩٠٥٢٣٠٠١٣٢٣
752.jpg,١٢١١٣٦٢٢٢١٠١٠٢
753.jpg,١٠٠٠٢٣٠٠٠٣٥٢٠٦
754.jpg,٠٨٣١٦٠٢٦١٩٠٨٧٢
755.jpg,٢٠١٦٣٣٦٣٠٦٣٠٠٢
756.jpg,١٨٨٦١٨٠٥٣٣٣٨٥١
757.jpg,٠١٨٥٤٣٣٣٣٥٧٢٨١
758.jpg,٠٨٢٣٠٣٩٠٧١٩٢٣١
759.jpg,٣٢٧٣٢٢١٢٢٦٠٠٧٢
760.jpg,٢١١١١٤١٣٦١٢١٢٧
761.jpg,٧٠٢٠٣١٠٣٢٢٤٢٠٣
762.jpg,٩٣٢١٥٤١٣٢٢٣٢٩٣
763.jpg,٠٣٠٣٨٣٣٣١٢٣٢٥٢
764.jpg,٠٠٠٣٢٠٠٠٧٢٠٢٣٢
765.jpg,٠٢١٧٣١٠٣٧٢٠٩٢٢
766.jpg,٢٢٠٢٠٢٢١٤٦٩٧٢٣
767.jpg,١٣١٣٠٦١٠٤٨١٦٣٣
768.jpg,٠٦٢٦٠٢٠٣٩٧٠٣٣٣
769.jpg,٢٤٧٢٨١٣٢٣٩٢٧٢١
770.jpg,٢٤٢١٣٣٨٨٣٠٠١٩٠
771.jpg,٣٢٩٣٣٢٣١٢٢١٨٠٢
772.jpg,٣٦٤٨٢٢٣٧٧٠٣٠٠٣
773.jpg,١٣١٣٢٤٢٢٠٢٧٢١٣
774.jpg,١٢٠٢٣٨٤٣٣٣٧٢٣٣
775.jpg,٣٨٢٢٤١٣١١٨٧١٢٣
776.jpg,٦٣٣٢١٤٤٢٦٦٠٣٢٠
777.jpg,١٠٣٢٣٤٠٠٢٣٠٢٢٩
778.jpg,١٠٢٠٢٢٣٣٣٣٠٣٢١
779.jpg,٦٨٠٩٢٩٣٨٥٢١٦٠٠
780.jpg,١٣٣١٣٢٠٢٢٩٣٢١٣
781.jpg,٤٣٩٦٢٧٣٢٣١١٠٢١
782.jpg,٣٢٥٣٩٢٣٩١٢٠٢٢٠
783.jpg,٣٠٠٠٥٣٢٦٠٤٧٢٢٣
784.jpg,٠٣٣٠٥٩١٣٣٩٣٣٢٥
785.jpg,٢٠٥٣١٤٩٢٢١٣١٢٢
786.jpg,٣٠٥٥٣٠٣٨٣١٢٢٣٣
787.jpg,٣٢٠٣٠٣٦٧٨١١١٩٠
788.jpg,٥١٩٧٨٢٠٣٢١٨٥٢٢
789.jpg,٢١٢٧٢٠٣٠٢١١١٦٠
790.jpg,١٣٧٠٠١١٧٣٠٥١٧٢
791.jpg,٢٣٦٣٢٣٤٣٢٢٤٢٩٣
792.jpg,٠٢٢٣١٥١٠٣٠١٨٠١
793.jpg,٣٨١٢٣٣٢٤٧٢٨٨٩٠
794.jpg,٠٩٢١٣٠١٣٣١٧٧٠١
795.jpg,١٠٤٥٠٥٢١٩٣٠٣٥١
796.jpg,٣٠٢٧١٢٢٣٢٧٣٢٣٢
797.jpg,٢١٦١٠٣٣٩١٣٣٣٢١
798.jpg,٤٣٠٢٥٠٣٠٠٣١٣٢١
799.jpg,٨١٨٠٣٣١٣١١٢٠٢٦
800.jpg,٠٢١١٢٢٠٣٣٥٣٥٢٠
801.jpg,٢٢٣٩٧٣٠٢٣٣٢٨٢٠
802.jpg,٣٢٢٩٣٨٣٢٣٣٢١٠٣
803.jpg,١٣٣٤٩٢١٣١٨٦٠٣٣
804.jpg,٤٠٣٦٠٠٣٣٧٣٥٩٧٢
805.jpg,٢١٦٥٠٤٠٥٣٣٣٩٤٠
806.jpg,٧٧٧٢٢١٠٥٢٤٨١٣٠
807.jpg,٢٧١٦٠٠٧٢١٠١١٥٠
808.jpg,٣٣٩٣٠٧٣٣٠١٩١٣٣
809.jpg,٢١٢٢٥١١٢٠١١٧٠٣
810.jpg,٠٠١٢٣٥٣٢٠١١٣٧١
811.jpg,٣٣٥٢٢٣١٠٢٠٧٣٥٥
812.jpg,١٢٢٣٣٥٢٣٩٠٢١٣٥
813.jpg,٣١٣٣٢١٩٢٨٢٠٢٢٣
814.jpg,١٤٠٣٠٢٢٣٢٣٢٢٢٣
815.jpg,١٢٨٢٣٠٣٤٢٧٣١٢٠
816.jpg,٢٨٢٠٦٥٦٩٤٨٠٣٦٣
817.jpg,٣٤٤٧٠٤١١٠١٣٢٤٥
818.jpg,٩١٢٠٤٢١٠٢٧٧٠٢٠
819.jpg,٣٢٣٦٢٣٠٢٣٦٦٨٥٠
820.jpg,٦١١١٢٣٢٠٣٣٠٨٠٠
821.jpg,٠٦٣٥١٣٣٠٢١٢٧٢٦
822.jpg,٣٣٥٥٠٠٣٣٠٠١٢٥٦
823.jpg,٢٢٤٣٢٧٦٠١٣٣٨٠٦
824.jpg,٢٣٠٨٧٢١١٢١٢٣٢٠
825.jpg,٣٦٥٠٢١٣٣٣٢١٠٣٠
826.jpg,١٥٨٣٠٣١٢٣٢١٢٣١
827.jpg,١٢٠٢٢٢٢٢٤٠١١٣١
828.jpg,٢٣٢١٠١٢٠٣٩٠٢٣٥
829.jpg,٢٣١٢٣٦١٤٠٦١١٥٤
830.jpg,٧٨٣٠١٤٠٠٠٣٨٠٢٣
831.jpg,٢٠١٠١٣٣٣٢٣٥١٢٠
832.jpg,٢٧٢١٥٢١٦١٢٠٦٤٨
833.jpg,٤٣٥٥٠٠٠١٠٠٢١١٣
834.jpg,١٣١٠٢٨٠٣٢٣٢٣٣٢
835.jpg,٨٢٨٢٠٣٣٠٠١٨١٠١
836.jpg,٣٣٤٨٨١٨٤٣٠٨٣٠٣
837.jpg,٣٣٦٢٢٣٥٠٣١٧٥١٢
838.jpg,٢٤٣١٢٣٠٢٨٢٠٢١٣
839.jpg,٢٨١٣٣١٠٠٢٤٤٢٦١
840.jpg,٠٢٠٨٥٨٢٣٣٨٥٢٤٢
841.jpg,٠١٣٠٢٢٧٣٨٦٢٣٢١
842.jpg,٣١٨٨٥٠٤٥٠١٢٣٤٣
843.jpg,٢١٣٠٩٨٢١٠٣٣٢١١
844.jpg,٠٢٢٩٣٢٣٠١١٩٠٧٤
845.jpg,٥٣٣١٧٠١٧٢٠٠٣٦٢
846.jpg,٢٠١٣٣٧٤٦١٨٢٢٣٣
847.jpg,٠٩١٠١١٩٨٣٦٢١٢٩
848.jpg,٣٣١٠٢٠١٩٣٢٨٠٣١
849.jpg,٨١١٠١٠٥١٢٣٠١٨٣
850.jpg,٣٠٥١٤٠٠٢١٥١٧٣١
851.jpg,١٠٣٣٠٢٠٣١٢١٠١٣
852.jpg,٠٠٢١٢١٧١١٢٣٣٢٢
853.jpg,١٨٨٣٢٠٧٢١٣٣١٣٤
854.jpg,٩٨١٢٨٢٢٣١١٠١٩٢
855.jpg,٨٤٢٢٣٣٣٣٣٥٠١٩١
856.jpg,٩٢٣١٤٢٣٧٧٠١١٨٣
857.jpg,٣٤٠٢١٣٢٠٠٩٢١٣٢
858.jpg,٢٨٢١٠١٣٨٢٢٢١٢١
859.jpg,٥٦١٩٤٨٠٣٢١٨٣٢١
860.jpg,٣٨١٧٤٤٣١٧١١٣١٠
861.jpg,١٤٧٠٧٣٥٥٠٣٠١٢٠
862.jpg,٢٢٣٤٤٥٢٣٣٣٩٧٧٥
863.jpg,٣٦٣٢١٢٣٥٠٢٣٠٢٥
864.jpg,٨٢٥٣٦٢٢٦٠٧٢٣٢٢
865.jpg,١٢٣٠٠٥٠٣٢١١٩١٣
866.jpg,١٣١٨٣٨١١٣٣٥٧٠٤
867.jpg,٢٠٠٦٢٣٥٠١١٦٠٠٢
868.jpg,٧٨٥٠٦٢١٣١١٢٢٤١
869.jpg,٩٣٢٤٤١٠٠٣٠٣١٩١
870.jpg,١٠٢١٠٠٠٠٣٢٣١٣٨
871.jpg,١٠٦٣٠١٨٠٢٠٠١١٩
872.jpg,٢١٠١٢٠٢٠٤٨٣٢٥١
873.jpg,٨٣١٦٩٨٢٤٠٤٠١٣٨
874.jpg,٩٣٣٢٢٢٧٠٢٣٠٣٣٩
875.jpg,٣٣٠١٢٠٧٣١٥٢٩٢٠
876.jpg,٠٤٣٢٣٧٩٢٠٩٠٩٠٢
877.jpg,٩٢٣٠١١٣٣٣٠١٢٢٢
878.jpg,٢٩٢٣٢٣٨٥٩٤٠٧٣٨
879.jpg,٠٣١٣٣٨٣٠٣١٣٤١٢
880.jpg,٠١٢١٣٢٦٣١١٢٨٦٧
881.jpg,٣١٣٢٥٠٠٥٣٠١٣٦٦
882.jpg,٠١١٣٦١٢٦٣١٠٣٠٢
883.jpg,١١٠٧١٧٧٠٣٠٤٩١٠
884.jpg,٩١١٠٤٥٣٣٧١٢٩٩٢
885.jpg,١٠٧١١٢١١٢٣١٣٢٦
886.jpg,٢٣١٢٢٨١٢٥٦١٣٢٣
887.jpg,٥٢١٢٥٤٣٥٠٣٤٤٣٢
888.jpg,٣٤٣١٦٧٣٣١٠٣٣٣٥
889.jpg,١٥٩٢٢٢٧٠٨٢٣٧٣٧
890.jpg,١١١٢٣٤٣١٨٥١٥٤٣
891.jpg,١٠٢٢٣٢١٠٨٧٢٢٧٠
892.jpg,٠٠٣١٦٠٢٠٣٢٤٣٨١
893.jpg,٠٢١٣١٣٥٧٣٣٢٥١٨
894.jpg,١٤٠٠٣٢٦٣١١٣٧٢٠
895.jpg,٦٨٢٠٥٣٢٩٠٦٠٧٦٣
896.jpg,١٠٩٢٠٢٠٦٢٠١٢٣٦
897.jpg,١٢١٣٣٣١١٢٢١٢٠٠
898.jpg,١٤٣٢٢١٦٤١٥٠٢٣٦
899.jpg,٣٣٢٥٢٢١١٥٥٢٠٢٠
900.jpg,٦٣٢٣٨٣٤٨١٠٣٢٥٨
901.jpg,٨٣١٣٣٣٣٧٣١٤١٥١
902.jpg,٨٣٣١٩٩٠١٩٣٩٩١٤
903.jpg,٢٢٧٠٧٣١٠٢٣٣٠٠٩
904.jpg,١٢٠٦٣٩٣٠٣٦٠٨٩٠
905.jpg,٩٠٨٣١٠١٧٣٢١٣٠٠
906.jpg,٢٣٠٠٠٢٠٣٥٩٠٣٣٠
907.jpg,٣٣٠٢٩١٣٢٣٢٣٠١٢
908.jpg,١٣٠٣٣٥٣١٢٣٣٦١٣
909.jpg,٤١٤٦١٠٦٨٣٣١٦٨٢
910.jpg,٥٣٧٤٢٠٣٦٠٣٢٠٢١
911.jpg,٣٠٢٠١٣٢٠٦١٣٠٧٤
912.jpg,٢٨١٠١٢٦٤٠٠٠٢٣٣
913.jpg,٢٤١١٥٣٨٣٢١١١٢٢
914.jpg,٢٣١٣٦٣٧٩٩١٢١٤٧
915.jpg,٠٣١٠٠٢٣٢٦٢١٣١٣
916.jpg,١٢٩٢٥٢٨١١٨٠٣٤٠
917.jpg,١١٣٢١٩٢٤٠٣٣٢١٢
918.jpg,٢٢٣١١٣٣٣٠٤٨٢٢٠
919.jpg,٠٣٠١٢٨٩١٢٠٦١٨٥
920.jpg,٣٣١٥٢٣٢٠٣٢٠٣٨٠
921.jpg,٨٢٢٨٣٣٧٤٢٣٣٢١٢
922.jpg,٢٥٢٠٤١٩٠١٢١٤٣٢
923.jpg,٢٢٣٣٢٦٣١١١٢١٠٣
924.jpg,٠٥٣١٧٣٢٣٠٥٢٣١٦
925.jpg,٢٢٣٣٠٠٢٣٢٠٤١١٠
926.jpg,٠١١٢١٤٢٢٣٠٢٣٧٤
927.jpg,١١٥٠٢٣٣٠٣٠١٣٢٧
928.jpg,٠٣٣٣٠٢٨٣١٠٢٢١٢
929.jpg,٢٢٢٣٩١٠٩٠٣٢٦٣٣
930.jpg,٢٣٠٤٠٩٨١٣٣٠١٢٣
931.jpg,٢٢١٠٢٦٦٨٢٣٣٨٣٣
932.jpg,٦٣٠٣١٢٣٩١٥٢٢٢٣
933.jpg,٧١٢٢٢٠٦٣٣٨٢٠٠٣
934.jpg,٨٥٣٤٢٠٣٢٧٣٣٠٧٦
935.jpg,٠١٢٢١٣٣٣٢٩٢٨١٢
936.jpg,٣٠٣١١٩٢٠٨٠٣٠٠٠
937.jpg,٦٢٣١١١٢٢٧١٩٣٣٤
938.jpg,٣٥٣٣٣٢٢٣١٣٣٠١٨
939.jpg,٦٠٨١٦٢٣١٠٥٨٢٧١
940.jpg,٣٢٦٢١٣٢٦٤١٣٣٠١
941.jpg,٢٥٣٦٤٤٦٦٠٥٠٤٣١
942.jpg,٣٣٩٣٢٢٣٢١٣٢١١٢
943.jpg,٨٣٢١٠٢٣٣٩٩٢٣٢٠
944.jpg,٤٢٢٠٢٨٠٠٢٢٢٠٣٢
945.jpg,٧٥٠٣١٣٤٦١٧٠٥٢٥
946.jpg,٠٠٠٢٢٣٣٢٢٥١٢١١
947.jpg,٢١٢٣٣٣٩٢٩٣٠٧٥٠
948.jpg,٢٦٣٣٨٨١٣٣٠٣٤٣١
949.jpg,٢٢٥١١٣٣٣٠٣٢٢٣١
950.jpg,٠١٢٣٢٠١٣٢٨٦١٣٤
951.jpg,٠٥١٣٣١٣٥١٥٠٣٢٢
952.jpg,٢٢٢٢٠٢٠٥٠١٢٢١٤
953.jpg,١١٤٢٢٨٠٤٩٢٣٢٩٠
954.jpg,٢٠٦١٣١٣٤٩٤٣٥٩١
955.jpg,١١٤٠٠٢٢٣٥٦٠١٠٧
956.jpg,٣٢٣٠٣١٣٣٠٠٢٠٣٠
957.jpg,٥٠٠٩٣٨٣٧٠٠٥٠١٢
958.jpg,٨٢٠٢٠٩٢٧٠١٢٤١١
959.jpg,١٠٢٣١٣٢١٥٢٧٠٣٣
960.jpg,٢٤٢١٣١٠٢٠١١٠٢١
961.jpg,٣٣٣١٣٦٠٢٧٣٠١٧٣
962.jpg,٨٠٢١١٥٠٢٥٢١٦٩١
963.jpg,٦١٥١٣٧٦٩١٣٣٢٢٤
964.jpg,٣٣٢١٠٠٢٣٣٦٠٢٩٣
965.jpg,٧٢٢٥١٥٣٠٢٤٠٢٨١
966.jpg,٣٢٠٥١٣٣٢٠٣٢٢٢٨
967.jpg,٣٠٢٠٧٠٣٣٣٣١٣١٣
968.jpg,٣٩١٢٢٠٣٥٠١٦٢٨٠
969.jpg,٣٢٣٣٢٥٠١١٨٠٧٣٢
970.jpg,٦٢١٢٠١٥٢٣٢٤٦٢٦
971.jpg,١١٠٥٣٦٣٥٦٨٢٢١٩
972.jpg,٣٣٠٣١٩٣٨٦١٢٧٢٢
973.jpg,٠٤٢٣٧٤١٨٣٣٣٠٠١
974.jpg,٠٦٣٠٠٢٣٠١٣٣٧٠٧
975.jpg,٠٩٩٢٤٣٤٤١٢١٣٠٥
976.jpg,٣٠١٢٠٢٦٣٧٠٨٨٢٤
977.jpg,٢٢١٨٣١٤٤٢٣٠٦٠٣
978.jpg,٢٢٥٢١٠٩١١٤٧٩٣٠
979.jpg,٤٩٢٦٧١٤٢٢٣١٠٠٣
980.jpg,٠٠١٧٦٠٢٣٣٤٤٦١٦
981.jpg,٢٠٠٣٢١٤٣٦٤٠٦٢٩
982.jpg,٠١١٨٥١٦١٠٢٢٥٩٠
983.jpg,٣٢٢٢٥٢١١٥٤٨٣٠٤
984.jpg,١٢٣١٣٣٠٣٢٣٣٣٢٠
985.jpg,١١٠٢٢٣١١١٢١٣١٢
986.jpg,٧٢١١٠١٧٥١٠٠١٠٥
987.jpg,٢٣٢٢٥٢٢٣٠٥١٥٢٥
988.jpg,٧٦١٣٢١٠٢٣٠٢٩٣٣
989.jpg,٢٢٣١١٧٢٥٢٠٠٢١٤
990.jpg,١٧١٢١٢٨٠٠٩٢٣٠٥
991.jpg,٨٣٤٠٥٣٢٢٠٣٢٢٢٢
992.jpg,٣٠١٥٢٦٠٤٣١٢٢٢١
993.jpg,٢٠٨٢٣٢٢٦٣٧٠٣٩٧
994.jpg,٤٠١٣٣٨٨١٢١٢٣٣١
995.jpg,٣٧٢٠٣٣٣١١١٢٣١٢
996.jpg,١٠١١١٣٤٣٥٢٩٢٢١
997.jpg,٢٥٤٠٧٠٣٨٠٢١٢٢٤
998.jpg,٩١١٣٣٣٨٨٠٠٣٣٢٣
999.jpg,٩٠١٣١٣٤٠٦٢٧٢١١
