filename,words
0.jpg,٠٩٠٨٠٨٧٣١٦٩٤٠٦
1.jpg,١٨٢٣٥٥٠٩٧٧٤٨٢١
2.jpg,٦٥٣٢٤٦٦٠٩١٠٦٥٢
3.jpg,٥٠٠٩٢٨٥٧٥٥٠١٤٠
4.jpg,١٧٧٨٣٤٩٨٢٥٩٥٤١
5.jpg,٧٦٨٣٥٨٨١٥٥٣٥١٠
6.jpg,٧٣٤٠٤٧٥٥٣٥٩٨٨٠
7.jpg,٨٧٣٦٦١٠٧٨٩٦٢٠٥
8.jpg,٦٣٠٨٤٢٩٦٢٥٥٠٨٠
9.jpg,٦١٥٩٨٩٨١٣٥٢٣٥٧
10.jpg,٦٥٩٧١٧٧٢٥٠٤٧٢٨
11.jpg,٦٩٨٦١٢١٨٨٠٥٦٣٨
12.jpg,٣٢٠٥٥٦٢٤٣٢٩٩٩٩
13.jpg,١٨٤٤٠٠٣٨٦٧٠٤٦٧
14.jpg,٤٨٣٠٦٩٨٤٠٤٠٦١١
15.jpg,٣٥٥٦٦٦٨٦٧٧٤٧٩٠
16.jpg,٠٧٨٢٥٥١١٢٦٦٤٧١
17.jpg,٦٩٤٤٤١٦٣٤٩٩٥٤٧
18.jpg,٣٧٥٩٢٣٤٩٧٥٦٦٣٨
19.jpg,١١٣٢٢٩٥٦٧٥٩١٤٨
20.jpg,٨٣١١٧٦٣٠١٠٩٤٢٠
21.jpg,٣٦٩١٢٧٨٦٢٧٧٢٦٣
22.jpg,٣٦٠٣٧٩١١٩٩١٨٤٤
23.jpg,١٦٠٤١٥٦٥٧٥٧٢٣٢
24.jpg,٨٠٩٢٤٤٧٧٥٩٧٤٥٦
25.jpg,٥٩٧٧٤٦٠٨٥٣٦٠٧٣
26.jpg,٦٨٩٠٥٢٣٨٧٤٤٥١٣
27.jpg,٧٢١١٨٦٧٢٤٦٠٨١٣
28.jpg,٧٤٨٣١٨٣٨٦١٧١٠٩
29.jpg,٨٢٦٩٢٩٧٠٢٣٠٢٦٧
30.jpg,٨٨٥٨٤٠٠٣٢٦٨٥٥٢
31.jpg,١٨٨٨٣٥٣٣٣٢٩١٤٦
32.jpg,٠٧٥٢٢٨٨٤٧٥٩٧٦٨
33.jpg,٥٤٤٣٢٢٥٧٢٨٩٨٧٤
34.jpg,٦٣٤٥٧١٥٢٤٥٤٠٧٣
35.jpg,٥٨٢٠٣٣٤٤٦٤٥٨٤١
36.jpg,٣٢٨٩٠٧٦٩٣٢٥٣٩٤
37.jpg,٥١٦١٧١٨١٥٩٢٢٥٠
38.jpg,٢١٧٥٧٨١٨٧٥٢٥٣٦
39.jpg,٣١٢٢٥٠٧٩٨٨٣٤٤١
40.jpg,٦٧٠٥٢٧٤٥٣١٧٨٢٧
41.jpg,٥٧١٧٨٣٩٦٥٢٠٠٣٥
42.jpg,٨٦٢٢٨١١٤١٦٨٦٧٧
43.jpg,٣٣٥٥١٢٤٩٣٢٢٤٣٦
44.jpg,٥١٣٨١٠٧٢٦٤٨٠٤٩
45.jpg,١٠٨٤٥٠٢٨٢٢٨٨٦٣
46.jpg,٣٢٥٤٧١٤٢٨١٥٨٦٩
47.jpg,٢٧٢٥٨٣٥٧٥٥٦٠٠٦
48.jpg,٢٨٨٩٧٥٢١٠٠٠٩٨٣
49.jpg,٣٠٤٢٤٨٤٤٢٣٠٦٢٢
50.jpg,٣٢٤١٦٣٣٩٣٤٧٧٤٣
51.jpg,٠٤٧٥٥٤٥٢١٣٨٧٤٩
52.jpg,٣١٢٥٧٨٢٩٤٤٦٤٤٣
53.jpg,٤٨٥١٩٧٥٦٨٩٢٥٤٨
54.jpg,٤٢١٥٩٨٩٧٥٠٣٦٢٦
55.jpg,٠٦٤٠٨٩٩٠٤٠١٣٨٥
56.jpg,٠١٦٧٤٥٥٤١٦٨٠٧٤
57.jpg,٧٦٤٩٢٢٦٤٤٩٤٨١٩
58.jpg,٠٦٤٠٦٥٤٢١٩٠٥٤٥
59.jpg,٠٤٤٣٣٤٥٣٣٢٢٧٤١
60.jpg,٣٥١٤٤٥٨٨٠١٦٦٧٣
61.jpg,٤٣٤١٣٣٧٦٦٦٠٨٩٦
62.jpg,٨٧٢٧٠٥١٦٤٥١٥٧٣
63.jpg,٩٢٦٥٦٧٢٣٠٨٠٤٣٨
64.jpg,٥٥٩٢٠١٩٩٩٨٠٨٢٧
65.jpg,٠٩٩٨٢٥٧١٨٦٠٤٢٨
66.jpg,٨٤٧١٤٩٢٨٦١٣٥٩٧
67.jpg,٢٠٣٣٠٧٧٦٤٧٨٢٧٦
68.jpg,٢٠٤٩٤٢٦٥٧٦٥٦٧٠
69.jpg,٦٢٣٦٤٧٨٥٧١٠٦٨٥
70.jpg,٦٢٠٧٥٦٢٥٨١٢٥٦٧
71.jpg,٤٩١٦٧٢٢٧٤٣٧٣٢٣
72.jpg,١١٥٥١٦٣٢٨٥٨٠١٥
73.jpg,٤٩٧٢٥٢٤٢٩٤٢٤١٧
74.jpg,٧٢٠٠٢٢٣٥٩١٧٢٣١
75.jpg,٩٥٦٨٠٥٦٩٨٢٣٠٨٨
76.jpg,٧٥٢٣٢١٦٢٢٩٨٠٩٦
77.jpg,٢٤٩٢٢٧٢٧٧١٧٢٩٣
78.jpg,٤٩٥٩١٧٤٥٩٤٣٣٢٢
79.jpg,٥٢٦٧٢١١٩٩١٠٨١٦
80.jpg,١٥٤٤٢٦٢٤٥٠٨٧٢١
81.jpg,٧٠٧١٥٧٨٣٩٥٥١٥٦
82.jpg,١٨٤٢٠٢١٩٠١١٧١٢
83.jpg,٠٣٦٢٥٦٧٦٤٩٢٢٤١
84.jpg,٧٣١٢٩١٥٣١٠٧٠٧٩
85.jpg,٠٢٦٩٩٨٩٨٠١٨٧٧٠
86.jpg,٠٦٨٣٦٧٣٣٣٧٥٥٧٨
87.jpg,٣٩٤٥٧٤١١٧٢٩٩٦٣
88.jpg,٥٨٨٨٥٥٢٦٣٥٦٨٥٦
89.jpg,٧٨٠٣٧٨٣٠٢١٢٥٢٩
90.jpg,٧٧٩٧١٧٨٢٥٢٤٧٧٠
91.jpg,٩٩٩٢٦٨٧٠١٦٠٧٧٢
92.jpg,١٦٢٤٧١٦٥١٥٦٩٤٠
93.jpg,٢١١٥٦٥٨٣٣٩٧٠٧٢
94.jpg,٩٧٣٠٦٧٢٢٥٤٩٠٥٤
95.jpg,٧١٤٨٥٦٧٣٤٥٦١٨٢
96.jpg,٥٠٣٢٩٦٣١١١٠٦٩٦
97.jpg,٠٩٧٧٦٦٨٢٨١٦٧٧٩
98.jpg,٤٤٧٦٠٠٦١٤٦١٦٩٦
99.jpg,٢٩٣٧٧٩٠٥٣٩٥٢٥٩
100.jpg,٣٧٤٣٨٢٧٠٨٣٧٦٤٧
101.jpg,٥٥٣٩٥٤٢٦٢٠٥٧٩٣
102.jpg,٢٦١٣٣٥٢٥٦١٣٢٥٠
103.jpg,٧٠١٠٣٠٩٨٠٦٢٣٧٠
104.jpg,١١٠٥٩٣٣٤٩٠٩٩٤٣
105.jpg,٢٤٧٨٥٩٦١٤٣٨٢٧٣
106.jpg,٢٢٧٣٩٨٧٧٥٧٤٠٦٨
107.jpg,٨٠٧٢٨٨٠٩٨٨١٧٦٩
108.jpg,٣٣٣٥١١٠٠٢٢١٥٢٩
109.jpg,٣٢٢٧٥١٨٢٦٨٦٥٦٩
110.jpg,٣٨٠١٤٤٦٠٥٨٤١٤٢
111.jpg,٦٧٦٩٦٥١٠٧٨٧١٨١
112.jpg,٨٢٤٤٧٨٢٦٢٤٣٣٨١
113.jpg,٥٢٣٨٥٦٩٧١٣٠٣٦٠
114.jpg,٧٨٥٨٠٧٥٨٦٧٠٦٨٨
115.jpg,١٦٦٩٧٧٢٠٤٣٢١٢٠
116.jpg,٧٦٥٣٤٩٠٧٩٦٢٦٠١
117.jpg,٩٥٦٩٧٨٨٨١٤٠٦٠٦
118.jpg,٨٥٢٠٢٨٧٩٥٠٤٣٠١
119.jpg,٦٧٠٩٤٣٧٤٦٨٨٧٢٧
120.jpg,٠٢٠٠٩١٠٥٧٦٨٦١٠
121.jpg,٤٠٧٥٢٧٩٨٣٣٤٣٣٧
122.jpg,٨٧٧٤٦٤٧٩٠٨١٤١٧
123.jpg,٠٨٣٦٧٧١١٢٥٥٧٢٣
124.jpg,٣١١٧٣٠٤٩٩٦١٩٥٦
125.jpg,٩١١٨٥٦٩٧١٥٠٠٥٢
126.jpg,٨١٥٩٤٧٠٤٥٢٦٢٢٠
127.jpg,٣٧٠٢٢٠٠٥٤٦٤٤٩٣
128.jpg,٧٦٠٥٣٦٠٦١١٩٨٧٦
129.jpg,٨٤٥٢٨٦١٢٩٥٦٩٧٢
130.jpg,٤٧٨٧٧٣٧٥٠٢٤٠٨٣
131.jpg,٤٧٠٥٤١٩٧٠٩٠٣٣٥
132.jpg,٨٦١٦٤٧١٧٤٣٨٨١٠
133.jpg,٤٧٦٥٧٢٠٣١٨٨٣٩٨
134.jpg,٤٨٠٦١٧١٦١٩٧٤٠٨
135.jpg,٧٣٩٣٩٣١٠٨١١٤٢٤
136.jpg,٦٤٩٩٨١٣٨٥١٣٠١٧
137.jpg,٠٨٩٨٩٦٣٧٧٥٣٩٦٠
138.jpg,٨٨٦٦٤٠٦٧١٣٤٧٩٩
139.jpg,٦٩٠٢٦٥٥١٥١١١٢٧
140.jpg,٧٧٣٧٤٩٨٢٧٦٤٥٤٣
141.jpg,٦٤٨٠٢١١٨٤٧٢٢٦٦
142.jpg,١٩٧٣٧٠٢٦٠٧٣٩٥١
143.jpg,٨٤٩٣١٨٢٥٧٦٩٣٤٧
144.jpg,٦٣٧٩٢٦٠٠٠٤٩٩٨٩
145.jpg,٨١٢٩٦٣٥٧٠٩٢٤٣٠
146.jpg,٨٤٢٥٥٨٩٦٤٩٩١٢٨
147.jpg,٩٩٠١٤٧١٠٠٧٦٨٧٧
148.jpg,٨٢٩٢٥٩١٦٦٤٦٤٣٠
149.jpg,٧٧٣٣٣٨٩٧٩٣٥٢٢١
150.jpg,٦٥٣٢٨٧٢٨٩٧٠٩٢٤
151.jpg,١٩٥٤٣٤٢٨٩٥٦٢٢٧
152.jpg,٣٦٩٦٣٩٢٦١١٦٢٤٨
153.jpg,٠٥٠٢٣٢٣٢٥٨٧٦٠٨
154.jpg,١٩٨٠٩١٦٥٩٤١٨٥٨
155.jpg,٦١١٩٣٥٤٠٩٥١٠٤٨
156.jpg,٧٠٧٣٨٥٢٦٦٨٥٦٨١
157.jpg,٣٥٢٧٤٩٠٤٧٩٠٧٦٥
158.jpg,٩٣٧٩٣٠٨٥٩٢٧٩٥٠
159.jpg,٦١٧١٧٣٠٦٩٨٢٨٦٣
160.jpg,٧٤١٢٨٣١٥٣٩٦٣٥٥
161.jpg,٣٠٧٩٦٠٤٩٥٦٥٠٦٩
162.jpg,٦٨٢٢١٢١٢٢٧٠٣٩٧
163.jpg,٧٣٥٣٤٦٣١٧٢٧٨٥٤
164.jpg,٩٥٨٥٥٥٧٩٥١٩٢٧٦
165.jpg,٢١٢٩٠٣٧٤٠٩٠٢٦٣
166.jpg,٧٤٧٢٩٨٨٦٧٨٧٧٠٨
167.jpg,٨٩٦٧٠٣٦٧١٧٢٢٤٢
168.jpg,٤٤٨٩٥١٨٥٤٨٧٩٥٨
169.jpg,٤٨٥٨٧٣٣٥٥٩٣٠٦٢
170.jpg,٧٤٩٠٠٤٩٩٣٤٩٦٣٣
171.jpg,٠٦٨٧٠٢٣٦١١٠٣٧١
172.jpg,٠١٩١٨٥٦٥٣٥٣١٠٨
173.jpg,٦٠٠٠٩٨٠٤٧١٨٤٣٢
174.jpg,٢٣٧٣٢٤٣٨٩٦٨٧٦٨
175.jpg,٦٩٨٨٦٩٧٦٨٠٧٦٣٠
176.jpg,٨٣٤٨٩٠٩١٨٨٦٥٢٩
177.jpg,٤١٥٥٦٨٢٢٧٥٣٢٥٢
178.jpg,٩٦٥٧٥٤٩٣٢٥٣٥٤٢
179.jpg,٢٥٥٥١٠٦٢٠٠٠٨٩٢
180.jpg,٨٩٣٦٣٣٠٣٠٠٤٩٣١
181.jpg,٣٥٣١٧٤٤٨١٨٤٧٢٣
182.jpg,٧٧٩١٥١٤٤٢٩١٣٦٢
183.jpg,٥٨٢٢١٨٥٤٠٧٥٩٥٩
184.jpg,٤٥٦٧١٠٥٨٧٥١٧٧٩
185.jpg,٤٩٩٥٢٠٠٣٥٤٨٨٠٧
186.jpg,٦١٤٣٣٧٢٤٣٥٨٣٤٦
187.jpg,٥٥٨٥١٢٨١١١٨٦٥١
188.jpg,٦٨٧٨٢٣٥٣٩٥١٠٥١
189.jpg,٤١١٣٢٤١٩٣٥٢٥٩٩
190.jpg,١٠٩٠٠٩٠٦١٦٥٢٩٢
191.jpg,٢٧١٠١٩٢٩٣٤٦٢٧٨
192.jpg,٥٠٣٨١٦٧١١٤٦٣٤٥
193.jpg,٩٢٣٤٢٩٧٤٠٢٢٣٥٠
194.jpg,٣٨٣٤١٨٩٥٦٢٥٩٦٧
195.jpg,٤٥٧٧٧٣٢٣٢٠٨٧٢٠
196.jpg,١٥٦٤٧٢٠٢٥٤٩١٧١
197.jpg,٠٠٢٠٩٨٠٥٣٦٧٦٦٨
198.jpg,٢٦٣٣٤٨٩٣٢٩٩٥٨٣
199.jpg,٨٣٢٩٦٨٢٩٣٦٤٩٥٤
200.jpg,٢٠٩١٥١٧٨٥٦٥١٨٦
201.jpg,٨٧٣٠٩٩٠٠٧١٠٩٨١
202.jpg,٩٢١٥٦٩٤٠٥٥١٨٥٣
203.jpg,٩٨٦١٦٩٤٢٩٠٧٦٨٠
204.jpg,١٥٧٧٢٠٢٤١٢٩٧٥٦
205.jpg,٣٢٨٣١٥٦٧٨٣٧٤٩٨
206.jpg,٥٢٩٧٦٥١٩١٦٠٧٩١
207.jpg,٥١٤١٦٥١٤٢٥٣٦٢٦
208.jpg,٩٣٦٤٤٤٧٨٧٣٧٠١٥
209.jpg,١٨٠٣٨٧٢٠٨٤٤٦٨٢
210.jpg,١٨٢٠٤٨٧٠١٥٨٧٣٠
211.jpg,٣٩٥١٧١١٢١١٣٢٥٦
212.jpg,٤٨٢٢٩٤٨٨٣٣٦٩٥٣
213.jpg,٩٣٣٩٤٠٧٨٠٧٣١٠٣
214.jpg,٨٢٧٢٣٩٥٠٦٧٨٤٠٥
215.jpg,٣٠٢٦٣٨١٢٣٠٠١٩٨
216.jpg,١٣١٩٧٦٨٩٦٩٦٦٠٣
217.jpg,١٥٩٤٩٥٢٠٨١٠٢٣٢
218.jpg,٧١٢٠١٨١٥٩٠١٥٨٢
219.jpg,١٤١٠٨٦٥٧٥٤٥٩١٦
220.jpg,١٢٥٢٦٦٣٢٨٣٢٢٠٦
221.jpg,١٥٥١١٨٧١٢٠١٥٧٢
222.jpg,١٦١٦٥٤٥٦٠٦٨٢٤٣
223.jpg,٠٩٧٥١٨١٨٥٨٣٤٦٩
224.jpg,١٦٨٧١١٥٧٤٧٤٢٤٠
225.jpg,٤٠٦٨٩٤٥٤٢٢٤٩٣٣
226.jpg,٩٧٨٤١٠٠٥١٣٨٦٩٩
227.jpg,٧٠١٨٠٦٨٣٧٩٥٤٣٤
228.jpg,٠٠٩٨٢٥٩٤٢٠٦٠٩٨
229.jpg,١٤٣٣٤٩٧٤٨٨٠٣٤٢
230.jpg,٢٣٥٥٠٠٤٩١٠٤٢٤١
231.jpg,٢٥٤٨٣٧٦٩٨٣٠٧٣٩
232.jpg,٢٤٩٦٦٣٤٧٩٧١٠٨٨
233.jpg,٥٩٩٩٤١٣٥٠٤٥٠٤٩
234.jpg,٠١٠٣٥٧٢٠٤١٨١٢٢
235.jpg,٥١٠٥٩٠٩٠٦٤٩٨٢٥
236.jpg,٤٥٦٣١٤٠٥٥٧٨١٨٤
237.jpg,٦٦٢٨١٧٠٧٤٠٥٠٤٥
238.jpg,٩٣٣٥١٣٨٣٨٩٢٧٢٥
239.jpg,٦٨٠٣٨١٦٥٠٦٠٦٠٤
240.jpg,٤٢٠٧٢٩٧٧١٧٠٧٠٨
241.jpg,٩٤٤٠٨٦١٤٢٢٥٥٨٩
242.jpg,٤٦٨٢٦٠٧٤٧٩٨٦٢٨
243.jpg,٩٨٨٠٥٦٩٩٦٧٦٧٨١
244.jpg,٥١٠٤٥٨٦٥٩٢٤١٠٠
245.jpg,٩٣٧٧٤٣٥٣٧٨٧٩٥٨
246.jpg,٠٤٢٩٣٠٥٧٦٤٦٠٤١
247.jpg,٦٩١٧٩٢٧٧٩١٢٢١٢
248.jpg,٠٥٤٢١٨٠٣٠٩١٣٢٤
249.jpg,٦٧٨٣١٥٠٤١٩٤٩٩٨
250.jpg,٤٥٤٧٩١٤٥٣٣٩٢٨٧
251.jpg,٠١٥٤٩١٢٧١٣٨٦٧٦
252.jpg,٣١٨٩٨٤٠٤٤٢٤٤٣٣
253.jpg,١٨٧٧٢٧٩٠٤٨٣١٣١
254.jpg,٣٠٢٨١٨٩٩١٨٦٥٥٥
255.jpg,٧١٧٦٤٠٨٧٧٧٠٢٢٨
256.jpg,٠٩٦١١٢٨٢٠٥١٢٧٠
257.jpg,٣٧٣٦٧٣١٠٤٧٣٧٥٢
258.jpg,٦٣٣٦١٧٥١٤٤٧٧٣٢
259.jpg,٨٤٢٢٨٤٨٣٥٢٦٠١٨
260.jpg,٠٥٤٥٩٧٦١٩٠٢٠٢٤
261.jpg,٠٧٢٥١٣٩٧٣٢٨٥٥٠
262.jpg,٦٤٢٩٢٩٥٧٦٣٥٠٩٢
263.jpg,٨٠١٩٤٦٤١٦٨٧٥٣٥
264.jpg,٢٤٣٦٢٠٣٧٧٥٦٠٠٩
265.jpg,١٧٩٧٥١٢٧٤٨٠٣١٧
266.jpg,٦٠٠١٠٠٢٨٦٥١٧٦٧
267.jpg,٢٩٦٣٦١٧٠١٠٤٤٨٦
268.jpg,٨٧٥٤٥٦٨٢٩٣١٨٨٠
269.jpg,٧٤١٨٩٩٨٥٠٩٥٥٤٢
270.jpg,١٥٨٤٥٦٣٧٠٢٧٣٦٦
271.jpg,٧٧٣٤٣١٠١٦٥١٦٧٧
272.jpg,٣١٤١٤٠٤٥٥٦٣٠٨٩
273.jpg,٦١٠٩٣٤٦٦٨١٠١١٤
274.jpg,٤٢٣٧٤٦١٥٨٣٢٤٥٩
275.jpg,٠٢٠٥٨٨٥٩٦٨٢٢٨٩
276.jpg,٩٠٦٢٢٣٦٦٥٠٤٥٦٩
277.jpg,٢٣٥٦٣٣٢٢٣٠٨٢١٧
278.jpg,٤٢٨٨٠٤٦٣١١٤٢٣٧
279.jpg,٢٤٧٢٥٧٩٠٨٩٢٣٩٨
280.jpg,٠٨٧٤٦٧٠٥٤٩٣٩٥٠
281.jpg,٦٢٤٢٩٨٠٢٥٨٨٧٣٢
282.jpg,٣٧٥١٥٤٥٤٠٦٢٢٠٦
283.jpg,٧١٩٦٥٩٨٣٤٥١٩٨٣
284.jpg,٩٨٦٣٥٤٩٣٨٢٧٠١٧
285.jpg,٢٠٦٨٧٩١٧٠٤٤٦٤٥
286.jpg,٣٥٠٣٠٨٥٣٧١٣٦١٥
287.jpg,٩٥١٩٠٨٤١٥٥٨٧٥٠
288.jpg,٦٥٣٢٢٢٤١٣٣٢٩٠٠
289.jpg,٧٩٧٣٢٢٩٨٦٣٨٨١٧
290.jpg,٣٠٩٤٩٩٢٢٥١٥٦٧٥
291.jpg,٧٠١٧٣٩٩٨٨٤٩٤١١
292.jpg,٧٦٤٧٧٥١٠٤٧٩٧٠٧
293.jpg,٠٧٩٦٦٩٣٦٩٣٠٧٣٧
294.jpg,٤١٧٦٤٥٢٢٩٣٦٨٦١
295.jpg,٧١١٣٥٧٢٧٢٢٧٧٧٠
296.jpg,٦٤٩٧٤٢٣٢٧٠٨٠٢٠
297.jpg,٥٦٠٠٠٧٨٩٢٥٩١٨٦
298.jpg,٢٠٩٤٩٠٥٧٢١٧٧٦٨
299.jpg,٣٠١٤٥٤٣٤١٩٦٩٧٧
300.jpg,٩٢٣٦٧٦٢٧٧٧١٧٨٩
301.jpg,٢٥٤٠٠١٠٥٤٤٤٣٧٤
302.jpg,٥١١٤٥٨٨٠٨٣٥٩٤٤
303.jpg,٠٢٥٤٢٥٨١٩٣٨٥٥١
304.jpg,٠٨٣٦٠٤٦٧٣٧٧٠٧٧
305.jpg,١٠٧١٥١٤٠٨٨٠٧٦٩
306.jpg,٣٠٧١١٢٣١٢٣٥٤٢١
307.jpg,٦٢٨٧٦٠١٣٤٩٩٠٤٧
308.jpg,٤٣٩٦٨١٥٥٨٨٧٧١١
309.jpg,٤٣٣١٦٩٦٤١٣٤٦٢٨
310.jpg,٦٣٩٠٢٠١٢٥٤٠٦٧٣
311.jpg,٥٠٣٢٦٨٨٣٧٩٩٩٥٩
312.jpg,٨٧٣٨٩٨٥٤٧٨٢٥٢٨
313.jpg,٤٢٥٠٢٢٥٨٦٨٨٤٠٢
314.jpg,٥٩٤٣٤٩٩١٧٥٣٨٢٩
315.jpg,٥٩٨٤٧٨٢٧١٩٢٣٩٢
316.jpg,٨٦١٩٨٤٣٧٠٦٣٠٥٢
317.jpg,٢٢٣٥٠١٠٠٩٥١٩٧٤
318.jpg,٤٩٧٤٥٤٩٨٧٧٨٤٥٣
319.jpg,٢١١٢٨٠٧٣٧٤٩٠٩٦
320.jpg,٣٧١٢٩٠٠٧٩٤٦٣٧١
321.jpg,٦٨١٧١٤٢٤٦٢٣٠٦٩
322.jpg,٦٣٣٥٩١٦٨٤٠٩٣٤٤
323.jpg,٩٤٤٨٤٦٩٢٠٣٠٧٥٣
324.jpg,١٨١٤٧٨٧٩٢٥٤٤٧٤
325.jpg,٧٩٣٤٥٤٤٤٤٧٦٥٣٦
326.jpg,٠٢٧٨٥٣١٥٩٧٦٥٤١
327.jpg,٢٥٦٣٢٧٦٩٦١٠٩٧٢
328.jpg,٠٤٣٤٧٦٩٠١٢٨٧٠٩
329.jpg,٤٥٨٢٧٢٦٤٦٠٣٧٣١
330.jpg,٨٧٢٣٠٥٧٠٣٢٢٥٠٤
331.jpg,٥٥٥٢٣٥١٢٢٧٤٣١٠
332.jpg,٢٤٧٤٢٤٦١٥٧٤١٦٧
333.jpg,٢٩١٣٥٩٤١١٧٢٣٨٢
334.jpg,٨٠٠٥٥٢٠٥٧١٤٤١٥
335.jpg,٤٤٦٨٧٦٤١٢٦٢٩١٧
336.jpg,٤٢٩٤٧١٧١٧٦٣٦٨٠
337.jpg,٥٣٩٦٣٨٠٦٦١٠٦٥٢
338.jpg,٧٥٥٨٩٦٩٥٦٩٣٣٠٦
339.jpg,٦٤٠٨٩٨٦٤٢٥٥٩٤٨
340.jpg,٥١٢١٥٢٦٣٢٦٢٨٨٠
341.jpg,٥٦٥٦٩٩٦٩٨٢٤٠٥٦
342.jpg,٠٧٥٥٥٠٧٠٠١٦٩٠٣
343.jpg,٥٧١٠٣٧٩٨٤٣٦٧٤٧
344.jpg,٤١٠٥٩٧١٨٣٠٥٨٥٠
345.jpg,٣٣٣٦٠٢٤٥٤٥٦٩٩٦
346.jpg,٥٤٧٦٠٠٠٦٩٥٣٣١٧
347.jpg,٤٩٠٢١٠٧٨٢٣٢٣٧٧
348.jpg,٥٣٥٣٢٥٢٤٨٧٥٥٧٨
349.jpg,٨٦٢٨٩٨١٢٦٦٣٧٩٣
350.jpg,٩٢٧١١٠٤٢٨٨٨٥٣٩
351.jpg,١٨٤٥٥٦٨٦٩١٠٩٢١
352.jpg,٢١١٠٨٩٩٧٧٥٦٧٢٣
353.jpg,٤٥٦٦٨١٠١٧٠٩٢٤٦
354.jpg,٨٦٢٥٩٧٢٤٨١٣٢٨٢
355.jpg,٤٥٣٥٨٧٦١٤٧٠٩٩٩
356.jpg,١٧٩٤٩٣٤٠١٨٧٤٣٧
357.jpg,١٨٣٣٠٢٠٢٥٣٨٢٨٩
358.jpg,٩٩٧٧٩٩٥٣٢٨٢٥٤٤
359.jpg,٩٦٥٦١٠٠٠٧٦١٥٧٥
360.jpg,٧٣٥٤٨٧٦٣٦٧٨٨٠٤
361.jpg,٢٠٢٨٤٥٨٦١١٦٠١٠
362.jpg,٠١٢٥٧٢٣٩٣٢١٥٦٠
363.jpg,١٥٣٣٧٤٦٣٥٤٣٧٠٤
364.jpg,٧٣٣٥٦٢٣٥٢٩٩٦٧٤
365.jpg,٧٩٦٧٩٨٥٧٥٥٩٢٠٩
366.jpg,٤١١١٣٠٤٢٩٢٦٧٨٢
367.jpg,٥٣٨٤٠٧٤٥٩٠٣٧٠١
368.jpg,٦٠١٤٧٤٤٣٥٧٧٧٥٣
369.jpg,٤٢٤١٩٧٩٩٧٦٩٣٧٥
370.jpg,٧٧٩٥٩٧٨٣٦١٥١٩٤
371.jpg,١٥٢٤٩٤٤٤٥٣٦٨٢٤
372.jpg,١٠٢٧٤٢٦٦٩٤٧٣٥٥
373.jpg,١١٠٩٦٣٨٥٣٣٢٤٥٧
374.jpg,٠٤٣٠٠٠٧٠٢٨١٦٠٢
375.jpg,٨٣٤٠٢٨٤٠٨٨٦٢٠٢
376.jpg,١٨٦٤٠٠١٢٨٦٠٥٦٢
377.jpg,٥٦٥٧٧١٧٣٣٥٦١٧٢
378.jpg,٨٥٩٤٢٩٢٨٤٦٢١٣٤
379.jpg,٣٨٣٠٦٢٦١١٧٣٠١١
380.jpg,٦٥٦٧٤٨٠٩٤٤٥٩٠٠
381.jpg,٨٢٩٩٤٨٨٨١٣٨٧٣٥
382.jpg,٧٢٤٥٥٥٥٣٣٩٦٩٠٧
383.jpg,٧٢٩٧٥٥٣٧١٢٨٩٥٣
384.jpg,١٧٢٥٢٨٣٣٤١٥١٨٢
385.jpg,٧٩١١٧٢٨٨٤٩٥٢٤١
386.jpg,٩٢٥٠٨١٩٥٦٦١٦٠٣
387.jpg,٩٦٣٩٠١٨٣٣٩٠٧٤٥
388.jpg,٦٧٩٢٨٨١٢٩١٨٣١٢
389.jpg,١٦٨٢٦١٣٢٦٤٤٧٣٠
390.jpg,١٢٤٧٨٤٧٩٥٧٩١٣٣
391.jpg,٦٣٢٤٤١٢٩٧٥٧١٢٦
392.jpg,١٣٧٨٨٣١٨٢٥٢٩٩٨
393.jpg,٤٠٠٩٣٥٩٠٨٠٧٠٦٧
394.jpg,٨٢٤٨٦٦٤٥٣٦٣٥٩٩
395.jpg,٦٥٣٠٣١٦١٠٣٢٦٨٢
396.jpg,٧٦٥٢٦٥٩١٣٨٣٤٨٨
397.jpg,٨٥٥٤٤٣٠٩١١٣٨٩١
398.jpg,١٣٠١١٥٥٣١٤٠٩٢٣
399.jpg,٢٦٩١٢٩٨٢٥٦٥٦١٦
400.jpg,٦٨٥٢١٢٣٧١٣٦٨٤٤
401.jpg,٢٤٩٧٦٠٧٠٧١٩٥٩٦
402.jpg,١٨٨٨٤٢٠٢٥٤٤٧٣٨
403.jpg,٠٢٤٥٤٠٩٦٣٧٨٦٣٣
404.jpg,٧٨٠٠٣٢٨٨٥٣١٦٧٥
405.jpg,٧٤٥٤٨٦٤٠٣٩٧٨٤٢
406.jpg,٣٤١٩٤٦٤١٣٢٣٣٤٢
407.jpg,٤٦٣٠٤٧٢٧٦٤٢٨٣٩
408.jpg,٢١٩١٠٢٥١٣٥٤٠٦٣
409.jpg,٠٩٨٥٦٥٤١٤١٦٤١٧
410.jpg,١١٦٣٤١٧١٧٧٣٤٩٦
411.jpg,٢٦٠٥٣٩٦٦٩٣٣٠١٠
412.jpg,٢١٥٧٨٢٥٣٧١٤٤٢٥
413.jpg,٠٠٩٤٠٥٦٤٧٤٣١٧١
414.jpg,٨٩٠٤٦٥٦٣٨٧٢٢٩٧
415.jpg,١٨٠٢٩٤٤٢٥٤٨٧١٩
416.jpg,٣٢٧١٩٧٢٨٩٠٤٣١٨
417.jpg,٨٧٣٣٥٠٤٧٠٨٠٥٤٥
418.jpg,٠٥٨٤٢٤٨٢٧١٩١٤٦
419.jpg,٩٧٣٠٩٤٠٦٤٩٦٢٨٤
420.jpg,٠٣٤٨٤٩٤٣٨٨٦٩٧١
421.jpg,٧٧٠٣٣٨١٩٧٥١١٦٦
422.jpg,٣٧٥١١٦٤٩٠٥٧١٦٤
423.jpg,٥٠٧٣٨٤٤٥٣٢٦٠٢٥
424.jpg,١٥٦٢٠٣٢٠٣٤٧٧٣٥
425.jpg,٥٦١٧٨٣٥٥٤٠٥٧٤٩
426.jpg,٤٤٦٧٣٠١٥٠٩٠٣٣٣
427.jpg,٣٢١٢١٢٠٠٣٣١٢٦٠
428.jpg,٣٩٨٨٤٩٩٤١٦١٧٩٥
429.jpg,٤٦٠٩٠٩٢٨٥٩٢٦٥٨
430.jpg,٨١٧٩٤٠٩٤٧٤٩٠٤٨
431.jpg,٦٦٨٩٣٢٥١٦١١٦٠٥
432.jpg,٠٧١٠٥٥٥٥٥٨٧٢٣٨
433.jpg,٢٠٤٠٧٣٣٤٠٢١٢٨٢
434.jpg,٤٥٦٩٨٨٦٤٦٩٢٩٣٩
435.jpg,١٠٧٩٤٧٨٣٧٣٣٥٠٨
436.jpg,٢١٨٦٩٧٨٥٣١٤١٢٣
437.jpg,٠١٦٨٢٤٨٨٩٦٠٠٣٦
438.jpg,٢١٠٧٦٢٠٤٨١٩٩٦٠
439.jpg,١٠٩٢٢٥٠١٠٨٠٣٨٩
440.jpg,٦٩٩٣٤٥٤١٤٤٦٦٣٢
441.jpg,٣٣٨٤٩٥٤٢٣٥٦٤٧٩
442.jpg,٤٩١٢٦٢٨٣٠٦٨٧٩٤
443.jpg,٩٥٧٧٤٠٠٦٣٩٤٥١٣
444.jpg,٢٩٣١٥١٨٨٧٨٩٦٢٧
445.jpg,٧٢٠٧٩٨٨٦٨٨٣٨٦٥
446.jpg,٣٠٧٠٢٩٩٧٣٨٤٠٨٣
447.jpg,٨٣٤٧٣٥٣٣٤٣٩٤٢٢
448.jpg,٤٨٢٨٧٥٦٦٣٩١٩٤٨
449.jpg,٧٨٦٧٠٧٦٣٠١٩٦٤٩
450.jpg,١٥٩٤٤١٤٠٩٩٨٠٣٥
451.jpg,٩٠٩٦٢٣٩٨٦٣٠٠١٨
452.jpg,٨٢٢٩٤٠٩٩٨٣٩٠٧٤
453.jpg,٦٣٦٥٠٧٣٣٨٨٢٤٦٩
454.jpg,٩١٩٥٧٦١٤٢٠٨٠٠٣
455.jpg,٩٤٥٠٦١٩٤٦٠٢٦٠٢
456.jpg,٥٧٧٦١٥١٦٢٤٧٨٨٣
457.jpg,٦٩٣٨٩٢٦٣٣١٩٠٤٨
458.jpg,٠٣١١٦٦٥٥٣٤٢٦٠٣
459.jpg,٣٤٤٨٦٤٠٧٧١٩٨٧٤
460.jpg,٠٨٥٠٤٥٥٣٨٧٦٨٣١
461.jpg,١١٦٧٤٦٠٦٦٣٤٦٧٦
462.jpg,٩٠٠٠٤٢٨١٦٤٢٨٢٧
463.jpg,٣٥١٥٣٦٤٢٤٨٢٣٣٨
464.jpg,٨٠١٩٦٠٠١٣١٦٩١٨
465.jpg,٩٧٣٩٧٨٥١٨٠٤٣٩٤
466.jpg,٨٣٩٠٩٠٣٣٤٤١٢٤٣
467.jpg,٩٠٠٣٣٩٨٠٩٣٣٢٧٠
468.jpg,١٢٥٠٤٣٨٠٨٤٣٨٧٥
469.jpg,٢٦٢٤٠٤٤١٥٧٧٣٦٣
470.jpg,٢٦٣٢٦٩٠٣٥٢١١٦٦
471.jpg,٠٩٧١٣٠٠٦٣١٥٠٢٦
472.jpg,٧٣٣٢٢١٦٩٣٦٣٩٥٦
473.jpg,٣٠١٩٢٧٤٨٦١٧٤٠٥
474.jpg,٠٢٢٦٢٧٥٨٣٧٤٩٥٦
475.jpg,٤٩٣٥٣١٧٧٠١٧١٤٤
476.jpg,٣٠٧٥٢٨٠٠٦٦٨٨٩٢
477.jpg,٦٧٩٨٤٩٩٠٥٨٩٢٢٧
478.jpg,٥٦٤٤٣٩٩٢٨٢٧٨٢٤
479.jpg,٨٥٢٣١٨١٣٥٤٠٨٦٦
480.jpg,٣٠٣٩٠٩٦٤٢٧٣٣٧٣
481.jpg,٧٠٣٠٨٨٨٤٨٠٦٥٨٦
482.jpg,٣٨٦٣٦٧٤٧٦٢٥٩١٤
483.jpg,٣٧٨٠١٣١٦٣٤٣١٤٦
484.jpg,٤٦٧٢٩٣٤٩٧١٩٧٤١
485.jpg,٣٧٢٥٥٧٧٢٧٥٠٤٩٢
486.jpg,٥١٩١٦٧٤٧٥٤٧٠٦٩
487.jpg,٥١٨٤١٠٣٠١٦٤١٧٩
488.jpg,٦٥٦٤٩٣٩٣٠٨٤٢٦٠
489.jpg,٧٢٦٤٨٢٣٠٧٩٦٢٠٢
490.jpg,٤٦٤٧٢٩٩١٨٤٣٧٧٥
491.jpg,٦٨٥٤١٠٦٩٤٨٣٢٧٠
492.jpg,١٧٣١٩٣٠٩٦٨١٠٠٥
493.jpg,٥٩٨٤٨٨٠١٨٠٢٣٨٢
494.jpg,١١٤٧٥٣٠٨٥٣٤٩١٥
495.jpg,٧٤٠٧٣٩٦٩٤٣٧٨١٩
496.jpg,٨٠٦١٧٢٥٤٧٩٢٠٦٤
497.jpg,١٣٥٢٠٥٤٢٢٦٥٢٧٠
498.jpg,١٢١٨٥٠٢٦٨٥١٨٥٤
499.jpg,٤٦١١٩٨٧٢٣٣٤٧١٩
500.jpg,٢٦٠٠٩٥٢٩٨٧٩٩٣٥
501.jpg,٤٢٥٢٤٤٨٨٥١٨٤١١
502.jpg,٦١٧٢٣٢١٤٠٩٨٧٠٢
503.jpg,١٥٣٥٨٢٨٢٣٩٨٩٩٩
504.jpg,٢٨٤٧٠٢١٣٥٤٣٧٤٨
505.jpg,١٨٧٦٧٠٢٥١٨١٨٩٣
506.jpg,٤٠٣٩٦٧١٩٦٨٣٩٧٤
507.jpg,٩٦٤٩٢٠٣٧١٢٩٤٩٢
508.jpg,٥١٣٥٥١٧٥٩٥٣٣٢٠
509.jpg,٠٤٢٤٦٨٥٠٠٢٠٠٧٧
510.jpg,٤٨٠٧٤٢٠٣٦٩١٩١٧
511.jpg,٨٦٧٩٧١٦٥٠١٢٤٠٤
512.jpg,٤٢٠٠١٤٧٢٩٩٥١٣٣
513.jpg,٧٦٩٩٦١٤٢٦٢٩٣٨٦
514.jpg,٢٢٩٠٦٩٢٤٩٢٢٢٠٩
515.jpg,٧١٨٨٧٥٧٧٦٤٧٨٤٩
516.jpg,٩٥٧٧٦٤٤١٧٩٧٦٩٣
517.jpg,٨٧٤٩٧٥٦٢٠٠٢٩٥٠
518.jpg,٠٩١٤١٩٧٧٣٨٦٠٢٣
519.jpg,٦٨٧٤٢٦١٩٧١٣٠٦٩
520.jpg,٣٠٨٢٢٣٤٠١٨٥٣٤٢
521.jpg,٨٤٦٩٨٢٢٥٤٨٣١٧٧
522.jpg,٩٢٧٣٩٦٩٨٦٤٠٧٧٣
523.jpg,٣٦٧٨٤٢٤٦٣٦٧٨٧١
524.jpg,٨٣٢٨٣٣٩٠٧٩٢٢٢٩
525.jpg,٩٥٨١٦٠٨٩٧٥٤٩٥٤
526.jpg,٨٦٨١١٢٥٢٥٤٢٩١٤
527.jpg,٧٩٣٥٠٩٢٠٧١٣١٧٦
528.jpg,٧٠٣٢٩٢٧٥١٩٣٤٨١
529.jpg,٩٣٧٥٤٢٠٥٤٠٨٠١٤
530.jpg,٠٨٥١٣٣٨٤٦٥٩٦٩١
531.jpg,٥٤٦٤٨٣١٣٤٣٣٤٤٧
532.jpg,٨٢٧٠٩٢٧٤٤٠٨٤١٤
533.jpg,٢٠١٦١٧٤٠٩٩٣٢٩٩
534.jpg,٣٧٤٤٢٠٥٧١٠٣٥٤٦
535.jpg,٨١٢٣٢٠٢٤٧٥٤٥٥٧
536.jpg,٨٢٤٨٥٦٨٨٥٣٢٠٢٠
537.jpg,١١٤٦٢٧٥٥٠٩٥٠٠٥
538.jpg,٨٤٣٥٣٢٧٩١٩٥١٢٦
539.jpg,٤٢٣٠٩٦٥٧٦٠٧٢٢٦
540.jpg,٠٦٩٩٦٥٧٥٢١٧٧٧١
541.jpg,٦٠٣٦٦٧٣٢٩٠٢٩٣٤
542.jpg,٤٤٥١٢٥٠٦١٠٧٨٣٤
543.jpg,٨٩٥٧٥١٨٤٤٥٢٣٩٣
544.jpg,٠٢٦٥٩٤٢١٨٠٨٦٢٩
545.jpg,٧٠٨٨٥٠٠٩٠٥٢٢٠٨
546.jpg,٦٩٢٠٠٢٦٣٤٨١٠٦٧
547.jpg,٠٤٧٧٣٢٨٥٤٦٨٢١٣
548.jpg,٣٤٩٢٧١٤٨٢٧٣٢٤٤
549.jpg,٤٢٢٨٤٨٥١٣٨٢٥٣٥
550.jpg,٢٦٩٠١١١٢٩٦٣٤٦٨
551.jpg,٣١٩٨١٤٠٥٩٨٩٤٠٦
552.jpg,٩١١٩٨٤٥٨٠٠٧٥٧١
553.jpg,٢٦٨١١٣٧٨٤٩٢٦٧٠
554.jpg,٩٢٨١٣٤٩٧٦٣٠٦٤٣
555.jpg,٨٢٤٤٩٢٢١٣٩٢٣٢٥
556.jpg,٨٤٣٦٧٨٥١٣٦٩١٨٥
557.jpg,٠١٣٥٠٥٢٣٠٣٩٧٩٥
558.jpg,٠٤٠٢٥٧٣٢١٩٣٠٤٦
559.jpg,٦٥١٠٨٣٣٩٦٢٨٦٦٤
560.jpg,١٤٢١٥٦٥٥٢٠٦٩٦١
561.jpg,٨٠٤٤١٨٦٣٢٣٠٦٩٧
562.jpg,٧٥١٣٣٨٠٢٣٣٣٧٩٣
563.jpg,٦١٥٩٩٩٤٧٢٤٤٣٥٥
564.jpg,٩٥٢٠٥٩٢١٩٦٨٩١٨
565.jpg,٦٤٠٣٩٩٢٦٢٦٣٢٥٧
566.jpg,٧٣٥٥٤٦١٣٣٦٥١٠١
567.jpg,٥٤١٠٠٣٠٩٤٢٠٤٣٩
568.jpg,٤٠٧٥٤٣٧٢١٤٦٦٣٨
569.jpg,٢٣١٠٩٨٠٩٦٦٧٠٦٠
570.jpg,٣٣٠٩٦٤٢٥٧٠٤٧٠٥
571.jpg,٢٩٢٢٨٩٨٤٩٧٧٥٥٥
572.jpg,٠٦٥٢٤٤٧٨٩٦٦٤٦٩
573.jpg,٨٦٧٧٨١٨٣٧٤٨٣٩١
574.jpg,٠٠١٠٧٠٤٧٠٣٤٣٣٦
575.jpg,٥٩٤٩٤٣٧٦٦٣٥٢٦٤
576.jpg,٩٤٢٢٣٧١٣٧٥٤٧٦٦
577.jpg,٤١٩٣٤٥٦٩٣٣٢٧٣٨
578.jpg,٤٥٧٩٣٩٤٧٨٢٣٣٣٤
579.jpg,٨٣٩٤٩٤١٢٨٩٤٥٢٩
580.jpg,١٩٤٨٤٠٢٠٧٤١٣٩٢
581.jpg,١١٤٩١٥٩١٦٣٨٦٨٥
582.jpg,٤٧١٠٢٠٢٨٥٠٦٣٠٤
583.jpg,٨٨٩٧٩٢٩٤٨٩٦٠٥٥
584.jpg,٢٠٤٩٣٩٤٤٩٤٣٠٢٢
585.jpg,٩٩٩٨٢٩١٨١٣١٢٣٧
586.jpg,٢٠١٤١٤٩٦٤٩٣٥٢٤
587.jpg,٦١٤١٣٠٨٨١١٢٤٩٢
588.jpg,٧٧٧٢٩٤١١٦٠٥٦٦٠
589.jpg,٥١٥٨١٥٩٩٦٦٨٢٩٦
590.jpg,٧٢٠٣٧٢٧٧٠٢٤٠٣٠
591.jpg,٨٥٣٩٩١٢٩٢٦٠٦٧٧
592.jpg,٤٣٥٥٦١٣٦٨٣٢٩٣٢
593.jpg,١٠٥٢٠٦١٢٩٨١٢١٩
594.jpg,٠٧٢٩٤٧٧١٧٦٤٠٨٢
595.jpg,٣٦٩١٢١٠٦٤٨٣٦٠٢
596.jpg,٩٥٠٠٠٠٤٩٢٦٦٤٢٠
597.jpg,٦٩٩٤٧٨٨٤٨٠٨٤٧٢
598.jpg,٣٠٤٦١٧٣٩٦٩٣٣٧٠
599.jpg,٣٣٢٩٧٥٢٣٦٦٢٠١٩
600.jpg,٢٦٢٧٢٥٤٠٣٥٠٧٤٩
601.jpg,٦٨٣٨٥٩٧٩٧١٤٢١٧
602.jpg,١٢٧٣١٦١٩٠٩٢٨٩٩
603.jpg,٦٢٣٦٨٨٩٤١٣٧٨١٨
604.jpg,٦٢٩٨٤٩٨٤٨٩١٧٩٠
605.jpg,٤٠٥٨٥١٦٨٣٨٩٢٧٣
606.jpg,٤٧٥٩٨٣٩١٤٨٤٥٣٤
607.jpg,٤١٠٩٠٤٤٠٤٩٥٢٢٩
608.jpg,٧٣٣٩٥٥٣٠٧٠٣٧٥٨
609.jpg,٤٠٧٦٦٧٨٤٣٩٤٨٤٠
610.jpg,٤٣٥٢٦٢٤٤٠٥٦٥٨٦
611.jpg,٧٤٦٠٥٧٦٣٤٢٥٧٥٤
612.jpg,٦٢٤٥٢٧٢٥٠٤٠٠٧٣
613.jpg,٨٤٠١٢٠٧٣٣٢٢٥٧٧
614.jpg,٢٦٩٣١٢٨٦٥٦٢٠٥٤
615.jpg,٩٣٧٦٧١٣٨٤٢٢٠١٠
616.jpg,٤٥٠٣٧٠٧٩٣١٢٩٣٩
617.jpg,١٥٨٨٦١٤١١٤٨٨٥٥
618.jpg,٢٦٧٣٦٥٤٨٤٠٣٢٩٤
619.jpg,٤١٥٩٩٩٩٦٧١٧٧٨٠
620.jpg,٠٨٨٠٥٢٥٢١٣٠٤٠٥
621.jpg,٤٨٠٥٧٧١٣٨٥٦٦١٩
622.jpg,٨٩٣٠٧٤٠١٢٩٩٩٦٨
623.jpg,٤٤٩٩٩٠٢٣٢٧٩٦٢٠
624.jpg,٧٦٠٤٩٢٣٤١٤٤٧٢١
625.jpg,٧٦٦٦٤٣٨٧٠١٨١٩٢
626.jpg,٦٢٦١٩٥٥٤٢٤٦١٨٨
627.jpg,٥١٤٦٧٥٤٠١٣٦٤٩٤
628.jpg,٣٠٥٩٣٣٣٧٣٢٣٤٧٩
629.jpg,٢٨٦٧٧٩٢٠٦٩٤٠٠٩
630.jpg,٥٩٧١٤٦٨٢٢٣٥٩٨٨
631.jpg,٢٠٣٤٨٨٥٤٥٤٢١١٠
632.jpg,٥٠٩٨٤٤٢٠٧١٠٠١٧
633.jpg,٠٩٠٢٠٤٦٧٠٧٢١٦١
634.jpg,٢٦٨٨٥١١٠٢٤١٥١٩
635.jpg,٦٨٤١٧٧٨١٢٦٤٩٦٣
636.jpg,٠٢٠٩٥٩٤٥٥٢٣١٥٧
637.jpg,١١٦١٤٦٢٤١٨٢٨٨٩
638.jpg,٨٦٥٥١٠٨٣٤٧٧٣٦٢
639.jpg,٠٩٦٠٩٨٥٢٨٣٩٩٢٢
640.jpg,٩٨٨٠٤٩٣٢٨٥٥٤٤٣
641.jpg,٦٠٧٦٨٢٢٠٤٦٩٨٥٤
642.jpg,٨٢٥٤٦٣٢٣٦٣٥١٧٤
643.jpg,٩٠٢٤٤٤٥٠٠٠٢٥٤٧
644.jpg,٣٢٩٥٨٤٠٦١٠٥٨٦٩
645.jpg,٠١٦٣٦٩٤٤٨٥٩٥٥٢
646.jpg,٠١٠٢٢٦٢٤٦٤٤٥٨٠
647.jpg,٦٣٤٦٦٢٤٥٤٦٥٣٧٧
648.jpg,٧٣٢٠٧٩٧٥١٥٣٢٤٢
649.jpg,١٧٥٤٧٦٨٨٢٤٨٦٤٩
650.jpg,١٩٧٦٧٢٢٩٤٥٢٠١٤
651.jpg,٦١٤٩٩٨١٨٨٥٧٣٧٩
652.jpg,٧٩١٨٢٣١٧٢٩٤٠٠٨
653.jpg,١٧٦٨٢٩٥٤٧٦٦٧٢٧
654.jpg,٩٠٣٤٦٦٩٦٩٢٢٧٠٤
655.jpg,٦٨٣١٨٠٩١٨٣٨٣٩٧
656.jpg,٤٦٠٥٢٨٤٣٦٣٤١٤٢
657.jpg,٤٥٩٧٦٥٧٩١٦٧٠١٠
658.jpg,١٠٧٨٢٤٨٩٨١٨٣٥٥
659.jpg,٦٨٢٠٨٨٧٢٠٦٤٨٥٣
660.jpg,٢٦٧١٣٣٨١٣٨٩٥٩٤
661.jpg,٥٠٠٩١٥٤٠٢٩١١٣٢
662.jpg,١٣٦٣٥٨٨٤٥٠٤٤٣٣
663.jpg,٣٥٥٦٣٨٨٧٢٩٥١٢٨
664.jpg,٨٥١٤٠٩٠١٣٢٤٦٨٧
665.jpg,٢٧٧١٥٦٠١٧٦٥٨٩٤
666.jpg,٦٤١٦٦٤٥٠٧٨٧٦٧٤
667.jpg,٦٢٥٩١٦٢٠٩٤٩٧٥٥
668.jpg,٧٤٠٨٦٧٦٤١١٤٥٤٧
669.jpg,٦١٣٢١٥٧٠٠٦٥٨٦٤
670.jpg,٦٧١٠٤٠٠٨٦٩٣٤٩٢
671.jpg,٠٨٨٦٦٤٩٩٥٢٢٧٤٦
672.jpg,٥٤٤٩٦٧١٨٢٦١٣٩٣
673.jpg,٦٧١٩٨٥٥٣٢٨٦٧٣٣
674.jpg,٣٨٨٦٢٥٠٩٢٦٣٢٨٦
675.jpg,٢٥٧٩١٢٦٨٠٣٠٥٠٢
676.jpg,٣٤٨٠٧٣٢٨١١٨٨١٣
677.jpg,٧٠٦٦٧٠٨٤٤٠٧٣٤٦
678.jpg,٩٤٧٥٩٢٣١٧٨٩٧٠٤
679.jpg,٦٦٢٤١٤٣٦٩٩٦٤٢٧
680.jpg,٦٢٦٠٤٠٣٤٤٦٠٩٨٠
681.jpg,١٢٥٧٧٦٨٥٣٢٢٠٤٠
682.jpg,٨٤٢٥٤٤٥٢٥٣١١١٥
683.jpg,٤٤٧١٧٥٩٦٧٩٨١٨٠
684.jpg,٥٦٢٣٠٥٤٧٧١٨٩٠٥
685.jpg,٩٣٢٧٧٥١١٠٤١١١٢
686.jpg,١٨٨٥٦٥٩٦٣٦٥٣٠٧
687.jpg,٨٣٧٢٦٩٢٦٤٣١٧٧٢
688.jpg,٤٤٢٥٧٦٩٩٥٤٣٣٦٣
689.jpg,٧٥٤٠٨٧٩٣٤١٦٦٤٧
690.jpg,٦٧٠٤٠٧٣٥٢٣٤٥١٧
691.jpg,٩٧٥٠٥٤٨٥٠٥٧٢٥٣
692.jpg,٢٠٤٧٧٢٦٠١٨٤٦٤١
693.jpg,٤٧٣٧٧٦٠٢٥٧٤٩٣٠
694.jpg,٣٤٣٣٧٧٦٤١٥٥١٥٠
695.jpg,٦٧١٤٣٧٤٤٠٧٥١٤١
696.jpg,٤٥٢٨٧٤٨٥٧٦٧٩٥٨
697.jpg,٠٨٧٥٩٧٢٩٣٩٦٧٠٤
698.jpg,٠٧٨١٦٣٢٠٢٣٠٦٠٤
699.jpg,٦٨٨٢٠٨٩٨٨٢٨٩٩٢
700.jpg,٦٤١٩٠٧٦١٣٧٧٥٣٨
701.jpg,٠٩٨٥٨٧١٧٣٨٤١٣٥
702.jpg,٨٢٤٨٥٤٣١٤٥٥٠٢٤
703.jpg,٣٤٨٤٣٨٣٢٩٩١٩٤٠
704.jpg,٦٥١٥١٨٤٥٨٩١٧١٨
705.jpg,٦٧٣٠٩٥١١٩١٦٣٣٤
706.jpg,٢٧٥٦٠٦٦٥٦٦٢٠١٤
707.jpg,٧٩٠٢٧٨٢٦٥١٧٨٦٨
708.jpg,٤٥٣١٧٠٠٢٦٧٧٢٧٥
709.jpg,٥٠١٦٣٩٦٧٨٢٧٢٩٧
710.jpg,٥٧٧٠١٤٥٦١٧٠٤٧١
711.jpg,٦٩٠٦٤٨١٣٩٠٩٥٨٧
712.jpg,٣٧٢٤٣١٥٣١١١٥٦٢
713.jpg,٥٩٩٥٢٢٢٠٦١١٣١٧
714.jpg,١٦٧٦٦٢٦٢١٥٣٩٢١
715.jpg,١٦١١٢٥٤٦٠٦٤٨٠٥
716.jpg,٧٧٩٥٧٧١٠٦٢٤٧٠٠
717.jpg,٦٩٠١٩٤٥٣١٥٨٠٨٦
718.jpg,٠٥٨٣٩٥٩٣٣٧٥٧٤٣
719.jpg,٣٨٦١١٢٣٠٤٥٩٠٧٦
720.jpg,١٣١٧٧٧٦٥٢٤٣٤٦٧
721.jpg,٣١٣٩١٨٧١٣٠٥٦٢١
722.jpg,٧١٦٩٨٨٥١٤٨٦٥٨٥
723.jpg,٦٧٧٨٧٤٩٦٩٨١٠٣٦
724.jpg,٣٢١٣٨٤٠٨٠٢٥٢٠٨
725.jpg,٠٦٩١٨١٨٤٢٩٣٢٦٨
726.jpg,٠٦٩٠٣٧٣٩٥٣٩٤٢٠
727.jpg,٥٦٥٩٦٣٥٦٢٥٠٧٧٤
728.jpg,١٨١٢٣٤٥٧٩٣٣٦٧٥
729.jpg,٧٢٨٥٢٥٦٠٦٠٢٤٦١
730.jpg,٨٥٥٥٤٣٤٣٧٤٧٤٩٠
731.jpg,٥٨٣٠١٨١٤٦٣٠٠١٤
732.jpg,٢٥٢٧٦٣٤٩٨٢٨٥٤٤
733.jpg,٥٤٣٨٨٣٠٤٧٠٢٠٣٥
734.jpg,١٩٣١٢٢٣١٠٨٣٨٥٢
735.jpg,٣٩٩١٣٥٥٧٢٥١٩٧٤
736.jpg,٧٦٢٩٧٨٣٠٤٢٨١١٠
737.jpg,٦٢٧١٦٨٢٤٩٨٢٢٨٦
738.jpg,٥٨٩٩٧٧١٥٤٧٧١٩٣
739.jpg,٢٧٨٦٤٣٠١٨٩٧٩٨١
740.jpg,٢٤٢٥٥٢٠٧٧٨٣٤١٨
741.jpg,٧٦٥٢٧١٢٣٤١٥٨٧٣
742.jpg,٩٠٨٢٨٩٥٢٣٤٧٠٧٦
743.jpg,٢٧٩٧٨٤٢٧٨٩٩٢٩٣
744.jpg,٩٠٣٨٢٨٣١٣١٨٧٨٧
745.jpg,٧٩٤٦١١٦٤٠٣٩٣٥٢
746.jpg,٦٨٦١٥٨٨٠٧٤٩٢١٠
747.jpg,٥٣٨١٥٧٦٤٦٩١٤٦٠
748.jpg,٣٧٥٧٤٠٢٥٤٥٣١٤٦
749.jpg,٥٤٩٠٣١٦٧٨٩٤٤٢٠
750.jpg,٣٧٥٦٠٠٦٢٢٠٩٦٢١
751.jpg,٢٧٢٢٦٩٥٧٨٥٨٣٢٥
752.jpg,٥٠١٩٥٧٨٣٣٠٦١٥٤
753.jpg,٩١٠٢٢٧٤٦٧٨٢٤٢٩
754.jpg,٨٥٦٨٣٨٢٧١٩٨٢٨٤
755.jpg,٣٥٢٢٩١٤٠٠٧٢٤٣٢
756.jpg,٣٤٠٦٩٥٦١٣٥٥٥٩٦
757.jpg,٥٥٧٧٨٧٥٨١٠٢١٥٨
758.jpg,٩٥٨٢١٤٠١٢٥٨٠٤٩
759.jpg,٢٩٤٣٢٧٩٧٩٣٩٢٠٧
760.jpg,٨٤٧٢٠٣٤٩٠٢١٦٢٠
761.jpg,٦٥٢٦٩٥٩٢٠٥٠٢٩٣
762.jpg,٥٥٤٠٢٦٣٢٢٢٢٢٨٢
763.jpg,٨٧٤١٣٠٢٠٢١٥٨٧٨
764.jpg,٣٨٧٦٥٧٠٩٩٧٤٥٨٢
765.jpg,٢٠٧٣٥٧٦٦٩٧٩٨٣٤
766.jpg,٦٨٦٤٦٦٣٣٦٩٩٨٠٧
767.jpg,٦٥٢٠٥٢٨٥٤٠٥١٦٥
768.jpg,٧٦٥٨٢٧٨٢٠٨٥١٩١
769.jpg,٢٤٠٤٢٤١٣٤٣٧٢١٨
770.jpg,٦١٦٠٣٨١٨٤٤٢٠١٠
771.jpg,٥٩٢٦٤٨٥٦١٤٥٤٦٢
772.jpg,٠٥٦٤٨١٢٥٥٤٧٨٢١
773.jpg,٣٥٨٨٠١٧٧٢٠٧٤١٨
774.jpg,٤٤٩٢٥٣٩٨٠٨٧٧٣٥
775.jpg,٦٩٤٠٨٩٩٥٩١٥٦٧٧
776.jpg,٨٤٢٠٧٣٦٢٦٠٤٨١١
777.jpg,٤١٢٩٣٣٣١٦٥٧١٧٦
778.jpg,١٣٦٩١٠٠٣٢١٢٥١٨
779.jpg,١٧٢٩٨٨٣٠٣٧٥٩٧٧
780.jpg,٤٤٥٠١٠٠٦١٨١٢٩٧
781.jpg,٠٨١٢٩٣٧٤٣٣٣٤٤٤
782.jpg,٥٠٩٠٤٧٧٦٦٥١٤٤٠
783.jpg,٥٤٩٥٤٦٠٠٧٥٠٠٨٧
784.jpg,٦٤١٣٥٤١٦٦١٨٠٤٣
785.jpg,٥٤٧٨٨٩٧٦١٠٠٢٧٨
786.jpg,٢١٦٢٠٤٣٧٩٩٢٩٨٧
787.jpg,٣٥٦١٨٣٢٤٣٢٦٧٦٤
788.jpg,١٥٦٠٤٠٣٨٦٨٩٧٢٤
789.jpg,٩٦٨٩١١٧٣٠٦٠٨١٦
790.jpg,١٦٠٦٨٩٣٧٤٨٤٤٧٠
791.jpg,٧١٠١٥١١٥٥٥٨٣٦٤
792.jpg,٣٢٤٣٤٣٥١٥٨٣٠٧٤
793.jpg,٠٧٢٩٩٥٦٥٩٣٧٨٤٠
794.jpg,٤٨٥٣٠٣٢٩٧٣٠١٧٩
795.jpg,٨٥٦١٥٠٧٠٣٣٥٧٣٢
796.jpg,١٥٢٨٤٩٩٤٩٢٧٥٥٩
797.jpg,٥٥٤٠٦٩١٥١١٦٦٣٧
798.jpg,٥٣٣٥٩٠٠١١٩٧٣٥٤
799.jpg,٩٨٧١٧٨٥٦٢٢٨٠٠٨
800.jpg,٣٦٣٦٠٥٥٦٨٢٣١٠١
801.jpg,١١٦٠٢٣١١٨٢٩٣٨٨
802.jpg,٢٩٧٢٤٢٠١١٢٨٠٢٤
803.jpg,٦٦٠٥١١٦٥٥١٠٧٠٩
804.jpg,٢٥٦٣٤٥٦٧٦٣٧٤١٥
805.jpg,٩٩٦٨٧٧٦٩٤٤٦٦٤٠
806.jpg,٧٦٩٧٨٣٩٦١٢٩١٤٦
807.jpg,٦٢١٩٠٤٤٩٣٢٤٣٥٠
808.jpg,٦٢٩٣٦٩٣٧٤٩٤٧٩٩
809.jpg,٩٦٨٤٣٢٦٤٨٩٠٦٩٢
810.jpg,١٥٤٢٢٦٧٩٦٨٨٣١٤
811.jpg,٧٢٢١٢٧٥٤٨٥٤٩٦٢
812.jpg,١٠٧٧٦٩٢٠٣٣٧٧٧٢
813.jpg,٢٩٢٣٤٩٦٦٦٩٩٤١٨
814.jpg,٤١٦٥٨٣١٣٨١١٥١٧
815.jpg,٢٥٠١٢٥٧٦٨٧١٢٠٦
816.jpg,٧٩٧٩٣٤٣٦١١٥٠٠٤
817.jpg,٢٩٠٢٨٢٤٥٢٧٩٣٨٩
818.jpg,٣٠٤٧٩٦٦٦١٠٢٢٢٠
819.jpg,٦٤٥٦٦٩٣٨٥٦٦٤٠٨
820.jpg,٩١٧٤٧٧٧٧٧٣٤٨٧٣
821.jpg,٦٢٠٤٦١٤٧٠٠٩٠٢٩
822.jpg,٦٦١٥٠٤٩١٦٣٠٢٤٦
823.jpg,٥٨٩٥٩٦١٣٨٥٤٤١٠
824.jpg,٣٨٠١٧٣٤٤٠١٢٠٤٤
825.jpg,٤٨٣٤٥٥٩١٢٦٥٨٦٣
826.jpg,٩٣٦٩٧٣٤٠٧٠٧٧٨٩
827.jpg,٣٣٥٣٧٦٠٨٠٠٦٨٩٣
828.jpg,٧٤٩٥٣٤١٣٣٤٨٥١٣
829.jpg,٩٦٢١٣٢٩٧١٧٧٨٧٣
830.jpg,٠٩٣٨٥٨١٤٠٤٣٨١٤
831.jpg,٨٦١٢٠٥٢٣٠٦١٧٩٢
832.jpg,٩٩٤٨٧٣٨٣٦١٢٩٥٦
833.jpg,٢٩٤٥٠٤٨٣٧٥٧٣٣٤
834.jpg,١٥٤٢٢٨١٦٩٣٢٧١٧
835.jpg,٢٤١٧٨١٠٩٣٦٠٨٠٤
836.jpg,٢٨١٩٨٩٠٧٨٢٢٦٨٢
837.jpg,١٨٥٥٠١٥٧٦٣١٨٨٧
838.jpg,٣١١٠٦٩١٠٤٧٠٣٥٤
839.jpg,٢٧١٨٨٩٠٩٠٥٣٨٨٥
840.jpg,١٠٠٧٢٤٣١٣٢٦٣٥٤
841.jpg,٠٩٣٠١١٢٢٦٦٢١٢٩
842.jpg,٠٤٢٠٦٠١٢٦٣٧٩٤٢
843.jpg,٨٧٧٦٨٩٤٢٦٠١٢٨٠
844.jpg,٦١٠٣٤٦٥٩٢٦٢٢٨٦
845.jpg,٨٠٨٥٧٣٥٩٥٢١٧٨٩
846.jpg,٩٨٥٤١١٠٠٩٦٥٦٥٦
847.jpg,٨٤٤٢٥٣٧١٠٥٥٥٦٥
848.jpg,٤٣٠١٠٢٤٤٧٨٦٣٧٧
849.jpg,١٣٤٧١٥٩٥٧٨٥٧٠٠
850.jpg,٢٠٣٦٤٩٦٢٤٦٣٢١٨
851.jpg,١٩٠٩٤٥٢٥٠٦١٢٨٨
852.jpg,٢٢١٨٨٣٢١٩١٦٣٨٩
853.jpg,٢٦١١٠٦٢٧٧١٧٢٥٦
854.jpg,٥٠٠٧٧٥٩٤٣٢٤٠٦٩
855.jpg,٢٩٧١١٥٨٧٨٣٤٢١١
856.jpg,٠٤٥٢٦١٨٥٣٢١٣٦٦
857.jpg,٦٦٦٩٦٤٣٠٦١٨٩٥٦
858.jpg,٣٥٦٨٧٠٦٦٠٠٩٨٥٧
859.jpg,٠٦١٤٣٣٦١٤٧٩٤٠٠
860.jpg,١٤٨٢٤٦٢٨٩٧١٦٨٢
861.jpg,٨٠٣٦٧٠٠٠٣٩٥٤١٠
862.jpg,١٥٠١٦٦٦٩٧٠٣٤٨٧
863.jpg,٣٦٣١٧٠٨٤٧٧٨٩٧٩
864.jpg,٧٣٤٧٤٥٦٤٨٨٥٤٣٥
865.jpg,٤٣٠١٩٤١٣٥٩٦٣٢٢
866.jpg,٦٣٤٧٩٨٨٦٠٧٠٣٧٧
867.jpg,٠٦١٦٣٧١٥٩١٨٠٥٩
868.jpg,٢٠٧٣٩٢٢٩١٢٥١٢٧
869.jpg,٤٧٣٣٠٩١١٢٢٤٤٦٢
870.jpg,١٧٦٣٥٢٠٩٦٨٦٢٢٢
871.jpg,١٨٠٣١١٨٩٨٦٣٨٦٨
872.jpg,٧٣٦١٩٦١٤٤٤٩٣١٤
873.jpg,٤٤٨٨٣٩٨٣٦١٨٥١٣
874.jpg,٧٨٣٥٥٠٦١١٧١٤٣٣
875.jpg,٤٧٣٧١٣٢٥٠٤٠٥٦٣
876.jpg,٢٣٢٦٨١٨٦٢٥٤٩٠٤
877.jpg,٥٥٤٨٣٣٩٥٦٥١١٥٤
878.jpg,٤١٣١٢٠٦٢٠٥٠٥٣١
879.jpg,٥٨٤٩٧٦٨٨١٥٢٥٧٤
880.jpg,٠٦٦١٣٢٢٠٤٧٥٠٥٩
881.jpg,٨١٥٢٧٨٥٨٨٢١٠٤٠
882.jpg,٣٢٨١٢٥٦٠٨٧٩٦١٥
883.jpg,٣٠٢٩٢٠٢٧٨٣٨٦٢٨
884.jpg,٩١٩٠١٨٢١٢٧٤٥٥٥
885.jpg,٧٦١٣٦١٥٠٥٥٣٥٤٩
886.jpg,٥٢٨٧٨٧٣٦٧١٩٠٩٧
887.jpg,٥٢٦٠٤٤٥٦٩٧٧٣٤٤
888.jpg,١٦٢١٨١٩٧٠٧٨٤٥٣
889.jpg,٧٨٢٩٥٧٤٤٦٢٣٨٧٧
890.jpg,٧٥٨٦١٢٢٧٢٣٦٧٢٤
891.jpg,٩٨٢٣٧٥١٨٧٣٧٧٧١
892.jpg,٣٦٨٦٥٨١٦٧٤١٠٥٥
893.jpg,٥٧٨٤٣٢٢٥٥٠٥٥٧٤
894.jpg,٢٦٥٣٢٤٥٨٥٢٢٩٣٠
895.jpg,٩٤١٥٧٨٦٥٨٤٣٦٩٥
896.jpg,٦١٤٧٥٥١٦١٤٤٦٢٨
897.jpg,٢٨٤٧٣٣٦٥٢٩٨٩٣٧
898.jpg,٨٤٠٩٥٩٠٦٢٨٥٢٢٠
899.jpg,٩٨٢٧١٢٣٠٥١٨٥٩٢
900.jpg,٨٧٠٤٦٠٣٩٦١٩٠٧٠
901.jpg,٢٣٢٥٢٧٨٥١٨٨٤٦٧
902.jpg,٤٦٨٩٧٢٥٣١١٠٢٨١
903.jpg,٠٤١٨٤٩١٥٨٣٧٣١٢
904.jpg,٠٥٤٦٢٣٨٠٢٧٥١٦٢
905.jpg,٨٣٥٥٢٨٢٢٦٩٢٤٤٣
906.jpg,٣١٤٩٩٠٤٥٢٢٨٣٤٢
907.jpg,٧٠٦٦٢٢٦٠٥٤٥١٥٤
908.jpg,٨٧٨٨٥٢٤١٤٢٤٠٥٩
909.jpg,٤٦٨١٤٢٣٤٦٩٩٠٤٨
910.jpg,٥٩٧٩٨٢٣١١٦٧٠٧٢
911.jpg,٢٨٨٨٢١٢٨٧٤٧٧٣٣
912.jpg,٧٨١٩٣٦٦٥٧٧٦٢٤٢
913.jpg,٧٨٦٠٤٢٩٧١٢٢٢٦٠
914.jpg,٠٦٦٤٨٨٣٩٦١١٨٢٨
915.jpg,٩٥٩٥٤٧٠٧٨١٧١٨٤
916.jpg,١٢٨٣١٧٤٤٤٠٥٥٧٥
917.jpg,١٣٦٨٦٢٧٢٩٧٣٤٨٠
918.jpg,٩٢٢٨٢٥٤٦٠٥٤٦٠٠
919.jpg,٤٠٥٠٢٢٧٨٦٨٠٦٨٠
920.jpg,٩٥٨٨٨٧٤١٨٤٥٨٦٢
921.jpg,٣١٧٥٢٥٢٤٨٣٣١٨٨
922.jpg,٦٩٥٤٣٤٣٢٦٧٢٨٩٦
923.jpg,٦٨٢٥٩١١٣٩٠١٣٨٢
924.jpg,٨٣٠٦٧٥٧٩٩٤٤٨٤٣
925.jpg,٩٢١٧٠١٩٢١٨٢٤٦٧
926.jpg,٩٥٦٠٤٧٧٣٣٤٧٤٩٣
927.jpg,٠٥٠٨٥٦٨٧٥٩٠٦٧٨
928.jpg,٣٦١٢٦٦٨٥٧٢٤٤٤٧
929.jpg,٠٨٨٢١٦٤٨٠٨٦٨٤٧
930.jpg,٢٨١٠٠٧٨٧٧٤٠١٣٦
931.jpg,٤١٣٨٨٨٥٩٢٧٦٣٨٦
932.jpg,١٨٦٠٥٤٦٥٨٦٥٩١٤
933.jpg,٣٤١٥٧٠٢١٩٨٢٩٦٤
934.jpg,٤٤٩٤٢١٨٥٠٥١٩١٤
935.jpg,١٩٩٨١٣٩١٤٣١٧٠٣
936.jpg,٥٠٨٣٣٤٢١٦٧٣٣٣٢
937.jpg,٠٠٦٨٥٨٦٦٥٨٤٦٦٩
938.jpg,٠٦١٦٨٨٣٩٧١١١٢٧
939.jpg,١٣٥٢٢٩٦٩١٨٩٦٠٢
940.jpg,١٧٢٨٧٣٩٢٠٤٨٠٧١
941.jpg,٩٥٥٨٩٤٧١٩٢٧٦٦٧
942.jpg,٢٧١٢٦٢٢٨٢٣٩٥٣٤
943.jpg,٥٦٥٧٩٤٥٤١٣١١١٤
944.jpg,٣٠٣٢٣٥٩٨٥٨٩٧٩٢
945.jpg,١٣١٢٤٠٧٦٨٣٨٩٦٠
946.jpg,٢٦٤٤٥٩٣٢٤٨٥٥٠١
947.jpg,٥٥٠٢٨٤٢١٣٦٨٤٥٩
948.jpg,٥٦٥٧٢٥٨٠٨٥٧١٩٥
949.jpg,٢٧٥٨٤٦٧٦٤٤٤٣٩٩
950.jpg,٥٠٤٩٨٤٧٤٠٩٠٠٠٤
951.jpg,٠٠٧٨١٨٢٩٥٧٨٣٢٢
952.jpg,٩٤٦٩٦٥٦٧٨٤١٠٠٥
953.jpg,١٨٠٢٥٩٧٨٣٤٤٧٨١
954.jpg,٠٣٤١٩٥٦٣٠٧٢٨٣٠
955.jpg,٥٢٢٧٤٥٠٠٣٤٢٩٥٨
956.jpg,٨٦٧٤٩٤٥٩٦٠٦٧٨٢
957.jpg,٥٦٤١٦٨٢٨١١٢٥٩٨
958.jpg,٩١٤١١٤١٦١٧٦٤٥٤
959.jpg,٤٧١٨٢٢٩٣٧٧٧٣٤٨
960.jpg,٢٥٧٣٨٣٤٦٢٣٤٥٥٣
961.jpg,١٥٤١٩١١٤٢٠٠٣٤٢
962.jpg,٤٢٧٥٤١٠٩٤٠٢٨٨٦
963.jpg,٣٨٤٠٣٣٩٥٨٨٣٨١١
964.jpg,٨٩٧٩٩٣٣٥٩٩٢٩١٣
965.jpg,٩٦٨٨٨٧٦٩١٣٤٦١٥
966.jpg,١٠٤٦٨٩٢٩٣٠٣٢١٦
967.jpg,٦١٨٢٦٧٩٨٣٦٧٥٤١
968.jpg,١٤٠٤٧٦٦١٧٠٧٨٤٤
969.jpg,٨٥١٨٣٣٨٤١٣٦٩٥٥
970.jpg,٩٢٣٧٢٣٩٨٧٣٥٦٧٣
971.jpg,١٤٨٦٤٥٤٨٠٠٨٦٨٢
972.jpg,١٥٤٥٨٣٧٥٦٧٦٥٣٥
973.jpg,٦٦١٣٤٠٩٥١٠٦٧٤٧
974.jpg,٠١٨٧٢٨٣٧٠٠٥٢١٣
975.jpg,٩٨٤٦٩٩٥٣٦٩٢٤١٩
976.jpg,٥١٩٠٥٢٣٤١٥٢٧٨٦
977.jpg,٧٨٧٥٦٨١٠٣٩٤٥١٣
978.jpg,٩٣١٥٧٤٦١٣٢٤٩٤١
979.jpg,١٤٨٩٤١٢٨٢٨٠١٥٥
980.jpg,٩٨٩٩٣٤٢٨٣١٠٩٧٤
981.jpg,٧٩٩٦٤٩٤٠٩٣٣٠٨٤
982.jpg,١٣٧٣٦٤٥٦٦٦٠٨٤٧
983.jpg,٠٢٩٩٨٠٣٤٥٢٠١٣٧
984.jpg,٣٩٩٩١٨١٨٧٩٢٣٤٤
985.jpg,٦٦٤٢٠٧٠٢٨٩٠٧٤٣
986.jpg,٣١٨٣٣١٤٠١٩٤٤٤٨
987.jpg,٦٩٠٧٦٩٤٧٩٤١٢٣١
988.jpg,١٢٦٩٤٦١٦٤٦٩٥٤٦
989.jpg,٢٨١٢٦٧٢١٩٥٠٨٨١
990.jpg,٤٥٦٤٦٨٨٥٠٦٢٥١٨
991.jpg,٩٣٠١٩٦٨٦٨٠٩٦٢٢
992.jpg,٦٩٧٩٦٠٨٩٨١٥٩٦٥
993.jpg,٣٧٩٧٨٣٩٣٦٠٨٧٠١
994.jpg,٠١١٤٠٠٥٠٧٤٠٨٠٦
995.jpg,٦١١٧٨٦٦٦٠٩٦٠٥٢
996.jpg,١٩٦٦٩٦٧٤٩٨٠٠٥٧
997.jpg,٧٤٥٧٥٨٩٦٣٦٢٩٤٩
998.jpg,٤٧٨٧٥٨٩٠٦١٩٤٧٨
999.jpg,٩٨٨١٠٢٢٥٠٩٢١٩١
